STOCK LOCATION,Family,NPI sets,AVOID REF,Alternate Origin stock Location,Imposed Invalidate,Start Allocation Year,Start Allocation Month,Start Allocation day,Reported Year,Reported Month,Reported Day,BUL CONVERSION %-CORE
P689,880014096LIGHT GREEN,W_XS:2 S:4 M:4 L:4 XL:2 XXL:2,0,,,,,,2024,6,21,
P689,110146367DELLA ROBBIA BLUE,W_XS:2 S:2 M:2 L:2 XL:1,0,,,,,,2024,6,21,
P689,110146623STAR WHITE,W_XS:2 S:2 M:2 L:2 XL:1,0,,,,,,2024,6,21,
P689,110147803CAPULET OLIVE,W_XS:2 S:2 M:2 L:2 XL:1,0,,,,,,2024,6,21,
P689,110145899WILLOW,W_XS:2 S:2 M:2 L:2 XL:1,0,,,,,,2024,6,21,
P689,110146367WILLOW,W_XS:2 S:2 M:2 L:2 XL:1,0,,,,,,2024,6,21,
P689,110147803ASPHALT,W_XS:2 S:2 M:2 L:2 XL:1,0,,,,,,2024,6,21,
P689,110148128MONUMENT,W_XS:1 S:3 M:3 L:3 XL:1 XXL:1,0,,,,,,2024,6,21,
P689,110145986SANGRIA,W_XS:1 S:3 M:3 L:3 XL:1 XXL:1,0,,,,,,2024,6,21,
P689,110145986DUSTY PINK,W_XS:1 S:3 M:3 L:3 XL:1 XXL:1,0,,,,,,2024,6,21,
P689,110148128OIL GREEN,W_XS:1 S:3 M:3 L:3 XL:1 XXL:1,0,,,,,,2024,6,21,
P689,110145986STAR WHITE,W_XS:1 S:3 M:3 L:3 XL:1 XXL:1,0,,,,,,2024,6,21,
P689,110145986QUARRY,W_XS:1 S:3 M:3 L:3 XL:1 XXL:1,0,,,,,,2024,6,21,
P689,110145609WHITE,W_XS:1 S:3 M:3 L:3 XL:1 XXL:1,0,,,,,,2024,6,21,
P689,110145609BLACK,W_XS:1 S:3 M:3 L:3 XL:1 XXL:1,0,,,,,,2024,6,21,
P689,110148128JET BLACK,W_XS:1 S:3 M:3 L:3 XL:1 XXL:1,0,,,,,,2024,6,21,
P689,110145987STAR WHITE,W_XS:1 S:3 M:3 L:3 XL:1 XXL:1,0,,,,,,2024,6,21,
P689,110145986LAVENDER LUSTRE,W_XS:1 S:3 M:3 L:3 XL:1 XXL:1,0,,,,,,2024,6,21,
P689,110145631BLACK,W_XS:1 S:2 M:2 L:2 XL:1 XXL:1,0,,,,,,2024,6,21,
P689,110145650ANISE FLOWER,W_XS:1 S:2 M:2 L:2 XL:1 XXL:1,0,,,,,,2024,6,21,
P689,110145650MARSHMALLOW,W_XS:1 S:2 M:2 L:2 XL:1 XXL:1,0,,,,,,2024,6,21,
P689,110145684DESERT SAGE,W_XS:1 S:2 M:2 L:2 XL:1 XXL:1,0,,,,,,2024,6,21,
P689,110145684LENTIL SPROUT,W_XS:1 S:2 M:2 L:2 XL:1 XXL:1,0,,,,,,2024,6,21,
P689,110145684PRISTINE,W_XS:1 S:2 M:2 L:2 XL:1 XXL:1,0,,,,,,2024,6,21,
P689,110145684SEEDPEARL,W_XS:1 S:2 M:2 L:2 XL:1 XXL:1,0,,,,,,2024,6,21,
P689,110145715DESERT SAGE,W_XS:1 S:2 M:2 L:2 XL:1 XXL:1,0,,,,,,2024,6,21,
P689,110145829ANTIQUE WHITE,W_XS:1 S:2 M:2 L:2 XL:1 XXL:1,0,,,,,,2024,6,21,
P689,110145967DUTCH CANAL,W_XS:1 S:2 M:2 L:2 XL:1 XXL:1,0,,,,,,2024,6,21,
P689,110145991GREEN EYES,W_XS:1 S:2 M:2 L:2 XL:1 XXL:1,0,,,,,,2024,6,21,
P689,110145992PAPYRUS,W_XS:1 S:2 M:2 L:2 XL:1 XXL:1,0,,,,,,2024,6,21,
P689,110146035ANTHRACITE,W_XS:1 S:2 M:2 L:2 XL:1 XXL:1,0,,,,,,2024,6,21,
P689,110146037DEEP DEPTHS,W_XS:1 S:2 M:2 L:2 XL:1 XXL:1,0,,,,,,2024,6,21,
P689,110146043DUTCH CANAL,W_XS:1 S:2 M:2 L:2 XL:1 XXL:1,0,,,,,,2024,6,21,
P689,110146044SEEDPEARL,W_XS:1 S:2 M:2 L:2 XL:1 XXL:1,0,,,,,,2024,6,21,
P689,110146210FROSTY GREEN,W_XS:1 S:2 M:2 L:2 XL:1 XXL:1,0,,,,,,2024,6,21,
P689,110146220MOONLESS NIGHT,W_XS:1 S:2 M:2 L:2 XL:1 XXL:1,0,,,,,,2024,6,21,
P689,110146445HIGHRISE,W_XS:1 S:2 M:2 L:2 XL:1 XXL:1,0,,,,,,2024,6,21,
P689,110146460JESTER RED,W_XS:1 S:2 M:2 L:2 XL:1 XXL:1,0,,,,,,2024,6,21,
P689,110146494PALE BANANA,W_XS:1 S:2 M:2 L:2 XL:1 XXL:1,0,,,,,,2024,6,21,
P689,110146619DEEP MAHOGANY,W_XS:1 S:2 M:2 L:2 XL:1 XXL:1,0,,,,,,2024,6,21,
P689,110146619HELIOTROPE,W_XS:1 S:2 M:2 L:2 XL:1 XXL:1,0,,,,,,2024,6,21,
P689,110147436CORNFLOWER BLUE,W_XS:1 S:2 M:2 L:2 XL:1 XXL:1,0,,,,,,2024,6,21,
P689,110147749WINTER WHITE,W_XS:1 S:2 M:2 L:2 XL:1 XXL:1,0,,,,,,2024,6,21,
P689,110147800BRIGHT WHITE,W_XS:1 S:2 M:2 L:2 XL:1 XXL:1,0,,,,,,2024,6,21,
P689,110147971MARITIME BLUE,W_XS:1 S:2 M:2 L:2 XL:1 XXL:1,0,,,,,,2024,6,21,
P689,110147972BRIGHT WHITE,W_XS:1 S:2 M:2 L:2 XL:1 XXL:1,0,,,,,,2024,6,21,
P689,110148080CANDY PINK,W_XS:1 S:2 M:2 L:2 XL:1 XXL:1,0,,,,,,2024,6,21,
P689,110148288ROSEBUD,W_XS:1 S:2 M:2 L:2 XL:1 XXL:1,0,,,,,,2024,6,21,
P689,110148293ROMANCE ROSE,W_XS:1 S:2 M:2 L:2 XL:1 XXL:1,0,,,,,,2024,6,21,
P689,110148298CYPRESS,W_XS:1 S:2 M:2 L:2 XL:1 XXL:1,0,,,,,,2024,6,21,
P689,110148353DOUBLE CREAM,W_XS:1 S:2 M:2 L:2 XL:1 XXL:1,0,,,,,,2024,6,21,
P689,110148806STAR WHITE,W_XS:1 S:2 M:2 L:2 XL:1 XXL:1,0,,,,,,2024,6,21,
P689,110148873STAR WHITE,W_XS:1 S:2 M:2 L:2 XL:1 XXL:1,0,,,,,,2024,6,21,
P689,110148875LAPIS BLUE,W_XS:1 S:2 M:2 L:2 XL:1 XXL:1,0,,,,,,2024,6,21,
P689,110149093DEEP MAHOGANY,W_XS:1 S:2 M:2 L:2 XL:1 XXL:1,0,,,,,,2024,6,21,
P689,110149093VANILLA ICE,W_XS:1 S:2 M:2 L:2 XL:1 XXL:1,0,,,,,,2024,6,21,
P689,110149094JET BLACK,W_XS:1 S:2 M:2 L:2 XL:1 XXL:1,0,,,,,,2024,6,21,
P689,110149150SNOW WHITE,W_XS:1 S:2 M:2 L:2 XL:1 XXL:1,0,,,,,,2024,6,21,
P689,110149264CORNFLOWER BLUE,W_XS:1 S:2 M:2 L:2 XL:1 XXL:1,0,,,,,,2024,6,21,
P689,110149309LENTIL SPROUT,W_XS:1 S:2 M:2 L:2 XL:1 XXL:1,0,,,,,,2024,6,21,
P689,110150024DARK BLUE,W_XS:1 S:2 M:2 L:2 XL:1 XXL:1,0,,,,,,2024,6,21,
P689,110150125SNOW WHITE,W_XS:1 S:2 M:2 L:2 XL:1 XXL:1,0,,,,,,2024,6,21,
P689,110150128TAN,W_XS:1 S:2 M:2 L:2 XL:1 XXL:1,0,,,,,,2024,6,21,
P689,110150450WINTER WHITE,W_XS:1 S:2 M:2 L:2 XL:1 XXL:1,0,,,,,,2024,6,21,
P689,110150453SKI PATROL,W_XS:1 S:2 M:2 L:2 XL:1 XXL:1,0,,,,,,2024,6,21,
P689,110150456SKI PATROL,W_XS:1 S:2 M:2 L:2 XL:1 XXL:1,0,,,,,,2024,6,21,
P689,110150528DARK BLUE,W_XS:1 S:2 M:2 L:2 XL:1 XXL:1,0,,,,,,2024,6,21,
P689,110150540ORCHID BLOOM,W_XS:1 S:2 M:2 L:2 XL:1 XXL:1,0,,,,,,2024,6,21,
P689,110150693WINTER WHITE,W_XS:1 S:2 M:2 L:2 XL:1 XXL:1,0,,,,,,2024,6,21,
P689,110150853CITRONELLE,W_XS:1 S:2 M:2 L:2 XL:1 XXL:1,0,,,,,,2024,6,21,
P689,110151033PINK FROSTING,W_XS:1 S:2 M:2 L:2 XL:1 XXL:1,0,,,,,,2024,6,21,
P689,110152079MOSS,W_XS:1 S:2 M:2 L:2 XL:1 XXL:1,0,,,,,,2024,6,21,
P689,880014950LIGHT BLUE,W_XS:1 S:2 M:2 L:2 XL:1 XXL:1,0,,,,,,2024,6,21,
P689,110146035GREEN BAY,W_XS:1 S:2 M:2 L:2 XL:1 XXL:1,0,,,,,,2024,6,21,
P689,110146036FROSTY GREEN,W_XS:1 S:2 M:2 L:2 XL:1 XXL:1,0,,,,,,2024,6,21,
P689,110146043BAROQUE ROSE,W_XS:1 S:2 M:2 L:2 XL:1 XXL:1,0,,,,,,2024,6,21,
P689,110146135LARK,W_XS:1 S:2 M:2 L:2 XL:1 XXL:1,0,,,,,,2024,6,21,
P689,110146206BLANC DE BLANC,W_XS:1 S:2 M:2 L:2 XL:1 XXL:1,0,,,,,,2024,6,21,
P689,110146444SPRING BOUQUET,W_XS:1 S:2 M:2 L:2 XL:1 XXL:1,0,,,,,,2024,6,21,
P689,110146452VANILLA ICE,W_XS:1 S:2 M:2 L:2 XL:1 XXL:1,0,,,,,,2024,6,21,
P689,110146458WHISPER WHITE,W_XS:1 S:2 M:2 L:2 XL:1 XXL:1,0,,,,,,2024,6,21,
P689,110147434CORNFLOWER BLUE,W_XS:1 S:2 M:2 L:2 XL:1 XXL:1,0,,,,,,2024,6,21,
P689,110147437CORNFLOWER BLUE,W_XS:1 S:2 M:2 L:2 XL:1 XXL:1,0,,,,,,2024,6,21,
P689,110147558SORREL BROWN,W_XS:1 S:2 M:2 L:2 XL:1 XXL:1,0,,,,,,2024,6,21,
P689,110147563BLANC DE BLANC,W_XS:1 S:2 M:2 L:2 XL:1 XXL:1,0,,,,,,2024,6,21,
P689,110147563BRIGHT WHITE,W_XS:1 S:2 M:2 L:2 XL:1 XXL:1,0,,,,,,2024,6,21,
P689,110147569DREAM BLUE,W_XS:1 S:2 M:2 L:2 XL:1 XXL:1,0,,,,,,2024,6,21,
P689,110147748LIGHT CLEAR BLUE,W_XS:1 S:2 M:2 L:2 XL:1 XXL:1,0,,,,,,2024,6,21,
P689,110147801CANDY PINK,W_XS:1 S:2 M:2 L:2 XL:1 XXL:1,0,,,,,,2024,6,21,
P689,110147969URBAN RED,W_XS:1 S:2 M:2 L:2 XL:1 XXL:1,0,,,,,,2024,6,21,
P689,110148299ROMANCE ROSE,W_XS:1 S:2 M:2 L:2 XL:1 XXL:1,0,,,,,,2024,6,21,
P689,110148354DEEP MAHOGANY,W_XS:1 S:2 M:2 L:2 XL:1 XXL:1,0,,,,,,2024,6,21,
P689,110148983BOYSENBERRY,W_XS:1 S:2 M:2 L:2 XL:1 XXL:1,0,,,,,,2024,6,21,
P689,110149094QUIET HARBOR,W_XS:1 S:2 M:2 L:2 XL:1 XXL:1,0,,,,,,2024,6,21,
P689,110149095JET BLACK,W_XS:1 S:2 M:2 L:2 XL:1 XXL:1,0,,,,,,2024,6,21,
P689,110149144JET BLACK,W_XS:1 S:2 M:2 L:2 XL:1 XXL:1,0,,,,,,2024,6,21,
P689,110149258MARSHMALLOW,W_XS:1 S:2 M:2 L:2 XL:1 XXL:1,0,,,,,,2024,6,21,
P689,110149263OPEN AIR,W_XS:1 S:2 M:2 L:2 XL:1 XXL:1,0,,,,,,2024,6,21,
P689,110149305CREAM PINK,W_XS:1 S:2 M:2 L:2 XL:1 XXL:1,0,,,,,,2024,6,21,
P689,110149556BRIGHT WHITE,W_XS:1 S:2 M:2 L:2 XL:1 XXL:1,0,,,,,,2024,6,21,
P689,110149576CAPRI,W_XS:1 S:2 M:2 L:2 XL:1 XXL:1,0,,,,,,2024,6,21,
P689,110150020SNOW WHITE,W_XS:1 S:2 M:2 L:2 XL:1 XXL:1,0,,,,,,2024,6,21,
P689,110150122ANTHRACITE,W_XS:1 S:2 M:2 L:2 XL:1 XXL:1,0,,,,,,2024,6,21,
P689,110150126SNOW WHITE,W_XS:1 S:2 M:2 L:2 XL:1 XXL:1,0,,,,,,2024,6,21,
P689,110150127ANTHRACITE,W_XS:1 S:2 M:2 L:2 XL:1 XXL:1,0,,,,,,2024,6,21,
P689,110150454STAR WHITE,W_XS:1 S:2 M:2 L:2 XL:1 XXL:1,0,,,,,,2024,6,21,
P689,110150457STAR WHITE,W_XS:1 S:2 M:2 L:2 XL:1 XXL:1,0,,,,,,2024,6,21,
P689,110150856SMOKE GREEN,W_XS:1 S:2 M:2 L:2 XL:1 XXL:1,0,,,,,,2024,6,21,
P689,110151148SUGAR SWIZZLE,W_XS:1 S:2 M:2 L:2 XL:1 XXL:1,0,,,,,,2024,6,21,
P689,110151714FOREST SHADE,W_XS:1 S:2 M:2 L:2 XL:1 XXL:1,0,,,,,,2024,6,21,
P689,110152078JET BLACK,W_XS:1 S:2 M:2 L:2 XL:1 XXL:1,0,,,,,,2024,6,21,
P689,110152160STAR WHITE,W_XS:1 S:2 M:2 L:2 XL:1 XXL:1,0,,,,,,2024,6,21,
P689,110145618BLACK,W_XS:1 S:2 M:2 L:2 XL:1 XXL:1,0,,,,,,2024,6,21,
P689,110145631ANTIQUE WHITE,W_XS:1 S:2 M:2 L:2 XL:1 XXL:1,0,,,,,,2024,6,21,
P689,110145650OFF WHITE,W_XS:1 S:2 M:2 L:2 XL:1 XXL:1,0,,,,,,2024,6,21,
P689,110145677DUTCH CANAL,W_XS:1 S:2 M:2 L:2 XL:1 XXL:1,0,,,,,,2024,6,21,
P689,110145683SEEDPEARL,W_XS:1 S:2 M:2 L:2 XL:1 XXL:1,0,,,,,,2024,6,21,
P689,110145828JET BLACK,W_XS:1 S:2 M:2 L:2 XL:1 XXL:1,0,,,,,,2024,6,21,
P689,110145828SNOW WHITE,W_XS:1 S:2 M:2 L:2 XL:1 XXL:1,0,,,,,,2024,6,21,
P689,110145967BAROQUE ROSE,W_XS:1 S:2 M:2 L:2 XL:1 XXL:1,0,,,,,,2024,6,21,
P689,110145993RUMBA RED,W_XS:1 S:2 M:2 L:2 XL:1 XXL:1,0,,,,,,2024,6,21,
P689,110146037JET BLACK,W_XS:1 S:2 M:2 L:2 XL:1 XXL:1,0,,,,,,2024,6,21,
P689,110146207ANTHRACITE,W_XS:1 S:2 M:2 L:2 XL:1 XXL:1,0,,,,,,2024,6,21,
P689,110146216BLANC DE BLANC,W_XS:1 S:2 M:2 L:2 XL:1 XXL:1,0,,,,,,2024,6,21,
P689,110146221BLANC DE BLANC,W_XS:1 S:2 M:2 L:2 XL:1 XXL:1,0,,,,,,2024,6,21,
P689,110146455BLACK,W_XS:1 S:2 M:2 L:2 XL:1 XXL:1,0,,,,,,2024,6,21,
P689,110146461WHISPER WHITE,W_XS:1 S:2 M:2 L:2 XL:1 XXL:1,0,,,,,,2024,6,21,
P689,110146462STRAWBERRY ICE,W_XS:1 S:2 M:2 L:2 XL:1 XXL:1,0,,,,,,2024,6,21,
P689,110146466BLANC DE BLANC,W_XS:1 S:2 M:2 L:2 XL:1 XXL:1,0,,,,,,2024,6,21,
P689,110146963JET BLACK,W_XS:1 S:2 M:2 L:2 XL:1 XXL:1,0,,,,,,2024,6,21,
P689,110147438PRISTINE,W_XS:1 S:2 M:2 L:2 XL:1 XXL:1,0,,,,,,2024,6,21,
P689,110147509PARFAIT PINK,W_XS:1 S:2 M:2 L:2 XL:1 XXL:1,0,,,,,,2024,6,21,
P689,110147567SORREL BROWN,W_XS:1 S:2 M:2 L:2 XL:1 XXL:1,0,,,,,,2024,6,21,
P689,110147596WHISPER WHITE,W_XS:1 S:2 M:2 L:2 XL:1 XXL:1,0,,,,,,2024,6,21,
P689,110147750BRIGHT WHITE,W_XS:1 S:2 M:2 L:2 XL:1 XXL:1,0,,,,,,2024,6,21,
P689,110147798MEDIUM BLUE,W_XS:1 S:2 M:2 L:2 XL:1 XXL:1,0,,,,,,2024,6,21,
P689,110147965JET BLACK,W_XS:1 S:2 M:2 L:2 XL:1 XXL:1,0,,,,,,2024,6,21,
P689,110148044SORREL BROWN,W_XS:1 S:2 M:2 L:2 XL:1 XXL:1,0,,,,,,2024,6,21,
P689,110148193DREAM BLUE,W_XS:1 S:2 M:2 L:2 XL:1 XXL:1,0,,,,,,2024,6,21,
P689,110148194GLACIER GRAY,W_XS:1 S:2 M:2 L:2 XL:1 XXL:1,0,,,,,,2024,6,21,
P689,110148264PARFAIT PINK,W_XS:1 S:2 M:2 L:2 XL:1 XXL:1,0,,,,,,2024,6,21,
P689,110148286PEBBLE,W_XS:1 S:2 M:2 L:2 XL:1 XXL:1,0,,,,,,2024,6,21,
P689,110148288BRIGHT WHITE,W_XS:1 S:2 M:2 L:2 XL:1 XXL:1,0,,,,,,2024,6,21,
P689,110148290CYPRESS,W_XS:1 S:2 M:2 L:2 XL:1 XXL:1,0,,,,,,2024,6,21,
P689,110148291WHISPER WHITE,W_XS:1 S:2 M:2 L:2 XL:1 XXL:1,0,,,,,,2024,6,21,
P689,110148293CYPRESS,W_XS:1 S:2 M:2 L:2 XL:1 XXL:1,0,,,,,,2024,6,21,
P689,110148299WHISPER WHITE,W_XS:1 S:2 M:2 L:2 XL:1 XXL:1,0,,,,,,2024,6,21,
P689,110148860BRIGHT WHITE,W_XS:1 S:2 M:2 L:2 XL:1 XXL:1,0,,,,,,2024,6,21,
P689,110149256MARSHMALLOW,W_XS:1 S:2 M:2 L:2 XL:1 XXL:1,0,,,,,,2024,6,21,
P689,110149265FOG,W_XS:1 S:2 M:2 L:2 XL:1 XXL:1,0,,,,,,2024,6,21,
P689,110149304CREAM PINK,W_XS:1 S:2 M:2 L:2 XL:1 XXL:1,0,,,,,,2024,6,21,
P689,110149310CREAM PINK,W_XS:1 S:2 M:2 L:2 XL:1 XXL:1,0,,,,,,2024,6,21,
P689,110149575VALLARTA BLUE,W_XS:1 S:2 M:2 L:2 XL:1 XXL:1,0,,,,,,2024,6,21,
P689,110150198LENTIL SPROUT,W_XS:1 S:2 M:2 L:2 XL:1 XXL:1,0,,,,,,2024,6,21,
P689,110150581ASH ROSE,W_XS:1 S:2 M:2 L:2 XL:1 XXL:1,0,,,,,,2024,6,21,
P689,110150694BLUE HORIZON,W_XS:1 S:2 M:2 L:2 XL:1 XXL:1,0,,,,,,2024,6,21,
P689,110150758WHISPER WHITE,W_XS:1 S:2 M:2 L:2 XL:1 XXL:1,0,,,,,,2024,6,21,
P689,110150855SMOKE GREEN,W_XS:1 S:2 M:2 L:2 XL:1 XXL:1,0,,,,,,2024,6,21,
P689,110151028CITRONELLE,W_XS:1 S:2 M:2 L:2 XL:1 XXL:1,0,,,,,,2024,6,21,
P689,110151031DELLA ROBBIA BLUE,W_XS:1 S:2 M:2 L:2 XL:1 XXL:1,0,,,,,,2024,6,21,
P689,110151032DOUBLE CREAM,W_XS:1 S:2 M:2 L:2 XL:1 XXL:1,0,,,,,,2024,6,21,
P689,110151144SNOW WHITE,W_XS:1 S:2 M:2 L:2 XL:1 XXL:1,0,,,,,,2024,6,21,
P689,110152156JET BLACK,W_XS:1 S:2 M:2 L:2 XL:1 XXL:1,0,,,,,,2024,6,21,
P689,110145650CHILI PEPPER,W_XS:1 S:2 M:2 L:2 XL:1 XXL:1,0,,,,,,2024,6,21,
P689,110145680SEEDPEARL,W_XS:1 S:2 M:2 L:2 XL:1 XXL:1,0,,,,,,2024,6,21,
P689,110145708FROSTY GREEN,W_XS:1 S:2 M:2 L:2 XL:1 XXL:1,0,,,,,,2024,6,21,
P689,110145709ANTHRACITE,W_XS:1 S:2 M:2 L:2 XL:1 XXL:1,0,,,,,,2024,6,21,
P689,110146035JET BLACK,W_XS:1 S:2 M:2 L:2 XL:1 XXL:1,0,,,,,,2024,6,21,
P689,110146037ZEPHYR,W_XS:1 S:2 M:2 L:2 XL:1 XXL:1,0,,,,,,2024,6,21,
P689,110146038JET BLACK,W_XS:1 S:2 M:2 L:2 XL:1 XXL:1,0,,,,,,2024,6,21,
P689,110146044EGRET,W_XS:1 S:2 M:2 L:2 XL:1 XXL:1,0,,,,,,2024,6,21,
P689,110146135DUSTY ROSE,W_XS:1 S:2 M:2 L:2 XL:1 XXL:1,0,,,,,,2024,6,21,
P689,110146449URBAN RED,W_XS:1 S:2 M:2 L:2 XL:1 XXL:1,0,,,,,,2024,6,21,
P689,110146491CLOUD DANCER,W_XS:1 S:2 M:2 L:2 XL:1 XXL:1,0,,,,,,2024,6,21,
P689,110146494PRISTINE,W_XS:1 S:2 M:2 L:2 XL:1 XXL:1,0,,,,,,2024,6,21,
P689,110146619RED CLAY,W_XS:1 S:2 M:2 L:2 XL:1 XXL:1,0,,,,,,2024,6,21,
P689,110146619SHOCKING PINK,W_XS:1 S:2 M:2 L:2 XL:1 XXL:1,0,,,,,,2024,6,21,
P689,110146905PRISTINE,W_XS:1 S:2 M:2 L:2 XL:1 XXL:1,0,,,,,,2024,6,21,
P689,110147505JET BLACK,W_XS:1 S:2 M:2 L:2 XL:1 XXL:1,0,,,,,,2024,6,21,
P689,110147559ANISE FLOWER,W_XS:1 S:2 M:2 L:2 XL:1 XXL:1,0,,,,,,2024,6,21,
P689,110147610WHISPER WHITE,W_XS:1 S:2 M:2 L:2 XL:1 XXL:1,0,,,,,,2024,6,21,
P689,110148220AFTERGLOW,W_XS:1 S:2 M:2 L:2 XL:1 XXL:1,0,,,,,,2024,6,21,
P689,110148266AQUA SKY,W_XS:1 S:2 M:2 L:2 XL:1 XXL:1,0,,,,,,2024,6,21,
P689,110148298WHISPER WHITE,W_XS:1 S:2 M:2 L:2 XL:1 XXL:1,0,,,,,,2024,6,21,
P689,110148539STAR WHITE,W_XS:1 S:2 M:2 L:2 XL:1 XXL:1,0,,,,,,2024,6,21,
P689,110148856BLACK IRIS,W_XS:1 S:2 M:2 L:2 XL:1 XXL:1,0,,,,,,2024,6,21,
P689,110148858PEBBLE,W_XS:1 S:2 M:2 L:2 XL:1 XXL:1,0,,,,,,2024,6,21,
P689,110148875STAR WHITE,W_XS:1 S:2 M:2 L:2 XL:1 XXL:1,0,,,,,,2024,6,21,
P689,110149093RED CLAY,W_XS:1 S:2 M:2 L:2 XL:1 XXL:1,0,,,,,,2024,6,21,
P689,110149095OPEN AIR,W_XS:1 S:2 M:2 L:2 XL:1 XXL:1,0,,,,,,2024,6,21,
P689,110149141CHATEAU ROSE,W_XS:1 S:2 M:2 L:2 XL:1 XXL:1,0,,,,,,2024,6,21,
P689,110149144GRAPE,W_XS:1 S:2 M:2 L:2 XL:1 XXL:1,0,,,,,,2024,6,21,
P689,110149151PASTEL LAVENDER,W_XS:1 S:2 M:2 L:2 XL:1 XXL:1,0,,,,,,2024,6,21,
P689,110149152PASTEL LAVENDER,W_XS:1 S:2 M:2 L:2 XL:1 XXL:1,0,,,,,,2024,6,21,
P689,110149156OPEN AIR,W_XS:1 S:2 M:2 L:2 XL:1 XXL:1,0,,,,,,2024,6,21,
P689,110149256ANTHRACITE,W_XS:1 S:2 M:2 L:2 XL:1 XXL:1,0,,,,,,2024,6,21,
P689,110150530PINK FROSTING,W_XS:1 S:2 M:2 L:2 XL:1 XXL:1,0,,,,,,2024,6,21,
P689,110150530VANILLA ICE,W_XS:1 S:2 M:2 L:2 XL:1 XXL:1,0,,,,,,2024,6,21,
P689,110150576PRISM PINK,W_XS:1 S:2 M:2 L:2 XL:1 XXL:1,0,,,,,,2024,6,21,
P689,110150691JET BLACK,W_XS:1 S:2 M:2 L:2 XL:1 XXL:1,0,,,,,,2024,6,21,
P689,110150695SHALE,W_XS:1 S:2 M:2 L:2 XL:1 XXL:1,0,,,,,,2024,6,21,
P689,110150756ANTIQUE WHITE,W_XS:1 S:2 M:2 L:2 XL:1 XXL:1,0,,,,,,2024,6,21,
P689,110150851CITRONELLE,W_XS:1 S:2 M:2 L:2 XL:1 XXL:1,0,,,,,,2024,6,21,
P689,110150851CLOUD DANCER,W_XS:1 S:2 M:2 L:2 XL:1 XXL:1,0,,,,,,2024,6,21,
P689,110150854DELLA ROBBIA BLUE,W_XS:1 S:2 M:2 L:2 XL:1 XXL:1,0,,,,,,2024,6,21,
P689,110151027CLOUD DANCER,W_XS:1 S:2 M:2 L:2 XL:1 XXL:1,0,,,,,,2024,6,21,
P689,110151140SEEDPEARL,W_XS:1 S:2 M:2 L:2 XL:1 XXL:1,0,,,,,,2024,6,21,
P689,110145652MINERAL GREEN,W_XS:1 S:2 M:2 L:2 XL:1 XXL:1,0,,,,,,2024,6,21,
P689,110145682SEEDPEARL,W_XS:1 S:2 M:2 L:2 XL:1 XXL:1,0,,,,,,2024,6,21,
P689,110145684ETRUSCAN RED,W_XS:1 S:2 M:2 L:2 XL:1 XXL:1,0,,,,,,2024,6,21,
P689,110145715SEEDPEARL,W_XS:1 S:2 M:2 L:2 XL:1 XXL:1,0,,,,,,2024,6,21,
P689,110145829TOTAL ECLIPSE,W_XS:1 S:2 M:2 L:2 XL:1 XXL:1,0,,,,,,2024,6,21,
P689,110146036ZEPHYR,W_XS:1 S:2 M:2 L:2 XL:1 XXL:1,0,,,,,,2024,6,21,
P689,110146037FROSTY GREEN,W_XS:1 S:2 M:2 L:2 XL:1 XXL:1,0,,,,,,2024,6,21,
P689,110146038CINNABAR,W_XS:1 S:2 M:2 L:2 XL:1 XXL:1,0,,,,,,2024,6,21,
P689,110146040CINNABAR,W_XS:1 S:2 M:2 L:2 XL:1 XXL:1,0,,,,,,2024,6,21,
P689,110146132ZEPHYR,W_XS:1 S:2 M:2 L:2 XL:1 XXL:1,0,,,,,,2024,6,21,
P689,110146133DEEP DEPTHS,W_XS:1 S:2 M:2 L:2 XL:1 XXL:1,0,,,,,,2024,6,21,
P689,110146230DUTCH CANAL,W_XS:1 S:2 M:2 L:2 XL:1 XXL:1,0,,,,,,2024,6,21,
P689,110146291TOTAL ECLIPSE,W_XS:1 S:2 M:2 L:2 XL:1 XXL:1,0,,,,,,2024,6,21,
P689,110146451CANDY PINK,W_XS:1 S:2 M:2 L:2 XL:1 XXL:1,0,,,,,,2024,6,21,
P689,110147436CORK,W_XS:1 S:2 M:2 L:2 XL:1 XXL:1,0,,,,,,2024,6,21,
P689,110147510AQUA SKY,W_XS:1 S:2 M:2 L:2 XL:1 XXL:1,0,,,,,,2024,6,21,
P689,110147523LAVANDULA,W_XS:1 S:2 M:2 L:2 XL:1 XXL:1,0,,,,,,2024,6,21,
P689,110147556ANISE FLOWER,W_XS:1 S:2 M:2 L:2 XL:1 XXL:1,0,,,,,,2024,6,21,
P689,110147565SORREL BROWN,W_XS:1 S:2 M:2 L:2 XL:1 XXL:1,0,,,,,,2024,6,21,
P689,110147612WHISPER WHITE,W_XS:1 S:2 M:2 L:2 XL:1 XXL:1,0,,,,,,2024,6,21,
P689,110147613WHISPER WHITE,W_XS:1 S:2 M:2 L:2 XL:1 XXL:1,0,,,,,,2024,6,21,
P689,110147799BRIGHT WHITE,W_XS:1 S:2 M:2 L:2 XL:1 XXL:1,0,,,,,,2024,6,21,
P689,110147969JET BLACK,W_XS:1 S:2 M:2 L:2 XL:1 XXL:1,0,,,,,,2024,6,21,
P689,110147970CANDY PINK,W_XS:1 S:2 M:2 L:2 XL:1 XXL:1,0,,,,,,2024,6,21,
P689,110148709PEBBLE,W_XS:1 S:2 M:2 L:2 XL:1 XXL:1,0,,,,,,2024,6,21,
P689,110148720LAPIS BLUE,W_XS:1 S:2 M:2 L:2 XL:1 XXL:1,0,,,,,,2024,6,21,
P689,110149266ETRUSCAN RED,W_XS:1 S:2 M:2 L:2 XL:1 XXL:1,0,,,,,,2024,6,21,
P689,110149306LENTIL SPROUT,W_XS:1 S:2 M:2 L:2 XL:1 XXL:1,0,,,,,,2024,6,21,
P689,110150019ANTHRACITE,W_XS:1 S:2 M:2 L:2 XL:1 XXL:1,0,,,,,,2024,6,21,
P689,110150196PALE BANANA,W_XS:1 S:2 M:2 L:2 XL:1 XXL:1,0,,,,,,2024,6,21,
P689,110150197ETRUSCAN RED,W_XS:1 S:2 M:2 L:2 XL:1 XXL:1,0,,,,,,2024,6,21,
P689,110150540JET BLACK,W_XS:1 S:2 M:2 L:2 XL:1 XXL:1,0,,,,,,2024,6,21,
P689,110150692VEILED ROSE,W_XS:1 S:2 M:2 L:2 XL:1 XXL:1,0,,,,,,2024,6,21,
P689,110150752CARDINAL,W_XS:1 S:2 M:2 L:2 XL:1 XXL:1,0,,,,,,2024,6,21,
P689,110150855CLOUD DANCER,W_XS:1 S:2 M:2 L:2 XL:1 XXL:1,0,,,,,,2024,6,21,
P689,110150855DELLA ROBBIA BLUE,W_XS:1 S:2 M:2 L:2 XL:1 XXL:1,0,,,,,,2024,6,21,
P689,110150928ANTIQUE WHITE,W_XS:1 S:2 M:2 L:2 XL:1 XXL:1,0,,,,,,2024,6,21,
P689,110151032PINK FROSTING,W_XS:1 S:2 M:2 L:2 XL:1 XXL:1,0,,,,,,2024,6,21,
P689,110151036MIST GREEN,W_XS:1 S:2 M:2 L:2 XL:1 XXL:1,0,,,,,,2024,6,21,
P689,110151038AIR BLUE,W_XS:1 S:2 M:2 L:2 XL:1 XXL:1,0,,,,,,2024,6,21,
P689,110151151CLOUD DANCER,W_XS:1 S:2 M:2 L:2 XL:1 XXL:1,0,,,,,,2024,6,21,
P689,110151192CLOUD DANCER,W_XS:1 S:2 M:2 L:2 XL:1 XXL:1,0,,,,,,2024,6,21,
P689,110152077MOSS,W_XS:1 S:2 M:2 L:2 XL:1 XXL:1,0,,,,,,2024,6,21,
P689,110152081STAR WHITE,W_XS:1 S:2 M:2 L:2 XL:1 XXL:1,0,,,,,,2024,6,21,
P689,110145650MINERAL GREEN,W_XS:1 S:2 M:2 L:2 XL:1 XXL:1,0,,,,,,2024,6,21,
P689,110145652OFF WHITE,W_XS:1 S:2 M:2 L:2 XL:1 XXL:1,0,,,,,,2024,6,21,
P689,110145683DESERT SAGE,W_XS:1 S:2 M:2 L:2 XL:1 XXL:1,0,,,,,,2024,6,21,
P689,110146210ZEPHYR,W_XS:1 S:2 M:2 L:2 XL:1 XXL:1,0,,,,,,2024,6,21,
P689,110146217MOONLESS NIGHT,W_XS:1 S:2 M:2 L:2 XL:1 XXL:1,0,,,,,,2024,6,21,
P689,110146218BLANC DE BLANC,W_XS:1 S:2 M:2 L:2 XL:1 XXL:1,0,,,,,,2024,6,21,
P689,110146222CYPRESS,W_XS:1 S:2 M:2 L:2 XL:1 XXL:1,0,,,,,,2024,6,21,
P689,110146451HIGHRISE,W_XS:1 S:2 M:2 L:2 XL:1 XXL:1,0,,,,,,2024,6,21,
P689,110146454JET BLACK,W_XS:1 S:2 M:2 L:2 XL:1 XXL:1,0,,,,,,2024,6,21,
P689,110146490JET BLACK,W_XS:1 S:2 M:2 L:2 XL:1 XXL:1,0,,,,,,2024,6,21,
P689,110146964JESTER RED,W_XS:1 S:2 M:2 L:2 XL:1 XXL:1,0,,,,,,2024,6,21,
P689,110147524BRIGHT WHITE,W_XS:1 S:2 M:2 L:2 XL:1 XXL:1,0,,,,,,2024,6,21,
P689,110147525LEGION BLUE,W_XS:1 S:2 M:2 L:2 XL:1 XXL:1,0,,,,,,2024,6,21,
P689,110147560ANISE FLOWER,W_XS:1 S:2 M:2 L:2 XL:1 XXL:1,0,,,,,,2024,6,21,
P689,110147568JET BLACK,W_XS:1 S:2 M:2 L:2 XL:1 XXL:1,0,,,,,,2024,6,21,
P689,110147571JET BLACK,W_XS:1 S:2 M:2 L:2 XL:1 XXL:1,0,,,,,,2024,6,21,
P689,110147611PRISTINE,W_XS:1 S:2 M:2 L:2 XL:1 XXL:1,0,,,,,,2024,6,21,
P689,110148044MARSHMALLOW,W_XS:1 S:2 M:2 L:2 XL:1 XXL:1,0,,,,,,2024,6,21,
P689,110148265LIGHT CLEAR BLUE,W_XS:1 S:2 M:2 L:2 XL:1 XXL:1,0,,,,,,2024,6,21,
P689,110148711STAR WHITE,W_XS:1 S:2 M:2 L:2 XL:1 XXL:1,0,,,,,,2024,6,21,
P689,110148712LAPIS BLUE,W_XS:1 S:2 M:2 L:2 XL:1 XXL:1,0,,,,,,2024,6,21,
P689,110148721STAR WHITE,W_XS:1 S:2 M:2 L:2 XL:1 XXL:1,0,,,,,,2024,6,21,
P689,110148805STAR WHITE,W_XS:1 S:2 M:2 L:2 XL:1 XXL:1,0,,,,,,2024,6,21,
P689,110149096BRIGHT WHITE,W_XS:1 S:2 M:2 L:2 XL:1 XXL:1,0,,,,,,2024,6,21,
P689,110149142MARSHMALLOW,W_XS:1 S:2 M:2 L:2 XL:1 XXL:1,0,,,,,,2024,6,21,
P689,110149143GRAPE,W_XS:1 S:2 M:2 L:2 XL:1 XXL:1,0,,,,,,2024,6,21,
P689,110149157LIMOGES,W_XS:1 S:2 M:2 L:2 XL:1 XXL:1,0,,,,,,2024,6,21,
P689,110149264FOG,W_XS:1 S:2 M:2 L:2 XL:1 XXL:1,0,,,,,,2024,6,21,
P689,110149266CREAM PINK,W_XS:1 S:2 M:2 L:2 XL:1 XXL:1,0,,,,,,2024,6,21,
P689,110149277PRISTINE,W_XS:1 S:2 M:2 L:2 XL:1 XXL:1,0,,,,,,2024,6,21,
P689,110149307PRISTINE,W_XS:1 S:2 M:2 L:2 XL:1 XXL:1,0,,,,,,2024,6,21,
P689,110149308CREAM PINK,W_XS:1 S:2 M:2 L:2 XL:1 XXL:1,0,,,,,,2024,6,21,
P689,110149617MEDIUM BLUE,W_XS:1 S:2 M:2 L:2 XL:1 XXL:1,0,,,,,,2024,6,21,
P689,110150121SNOW WHITE,W_XS:1 S:2 M:2 L:2 XL:1 XXL:1,0,,,,,,2024,6,21,
P689,110150129BLUE DEPTHS,W_XS:1 S:2 M:2 L:2 XL:1 XXL:1,0,,,,,,2024,6,21,
P689,110150529VANILLA ICE,W_XS:1 S:2 M:2 L:2 XL:1 XXL:1,0,,,,,,2024,6,21,
P689,110150753ASH ROSE,W_XS:1 S:2 M:2 L:2 XL:1 XXL:1,0,,,,,,2024,6,21,
P689,110150757WHISPER WHITE,W_XS:1 S:2 M:2 L:2 XL:1 XXL:1,0,,,,,,2024,6,21,
P689,110150852CLOUD DANCER,W_XS:1 S:2 M:2 L:2 XL:1 XXL:1,0,,,,,,2024,6,21,
P689,110150855CITRONELLE,W_XS:1 S:2 M:2 L:2 XL:1 XXL:1,0,,,,,,2024,6,21,
P689,110151036BRIGHT WHITE,W_XS:1 S:2 M:2 L:2 XL:1 XXL:1,0,,,,,,2024,6,21,
P689,110151064FOREST SHADE,W_XS:1 S:2 M:2 L:2 XL:1 XXL:1,0,,,,,,2024,6,21,
P689,110151145SNOW WHITE,W_XS:1 S:2 M:2 L:2 XL:1 XXL:1,0,,,,,,2024,6,21,
P689,110151193CLOUD DANCER,W_XS:1 S:2 M:2 L:2 XL:1 XXL:1,0,,,,,,2024,6,21,
P689,110145651OFF WHITE,W_XS:1 S:2 M:2 L:2 XL:1 XXL:1,0,,,,,,2024,6,21,
P689,110145684WHITE,W_XS:1 S:2 M:2 L:2 XL:1 XXL:1,0,,,,,,2024,6,21,
P689,110145828BLANC DE BLANC,W_XS:1 S:2 M:2 L:2 XL:1 XXL:1,0,,,,,,2024,6,21,
P689,110145828MINERAL GREEN,W_XS:1 S:2 M:2 L:2 XL:1 XXL:1,0,,,,,,2024,6,21,
P689,110145875BRIGHT WHITE,W_XS:1 S:2 M:2 L:2 XL:1 XXL:1,0,,,,,,2024,6,21,
P689,110146035DEEP DEPTHS,W_XS:1 S:2 M:2 L:2 XL:1 XXL:1,0,,,,,,2024,6,21,
P689,110146040FROSTY GREEN,W_XS:1 S:2 M:2 L:2 XL:1 XXL:1,0,,,,,,2024,6,21,
P689,110146135CLOUD DANCER,W_XS:1 S:2 M:2 L:2 XL:1 XXL:1,0,,,,,,2024,6,21,
P689,110146135EGRET,W_XS:1 S:2 M:2 L:2 XL:1 XXL:1,0,,,,,,2024,6,21,
P689,110146135VANILLA CREAM,W_XS:1 S:2 M:2 L:2 XL:1 XXL:1,0,,,,,,2024,6,21,
P689,110146444JET BLACK,W_XS:1 S:2 M:2 L:2 XL:1 XXL:1,0,,,,,,2024,6,21,
P689,110146450CLOUD DANCER,W_XS:1 S:2 M:2 L:2 XL:1 XXL:1,0,,,,,,2024,6,21,
P689,110147570DREAM BLUE,W_XS:1 S:2 M:2 L:2 XL:1 XXL:1,0,,,,,,2024,6,21,
P689,110148219SEA PINK,W_XS:1 S:2 M:2 L:2 XL:1 XXL:1,0,,,,,,2024,6,21,
P689,110148708BLACK IRIS,W_XS:1 S:2 M:2 L:2 XL:1 XXL:1,0,,,,,,2024,6,21,
P689,110148722STAR WHITE,W_XS:1 S:2 M:2 L:2 XL:1 XXL:1,0,,,,,,2024,6,21,
P689,110149096DOUBLE CREAM,W_XS:1 S:2 M:2 L:2 XL:1 XXL:1,0,,,,,,2024,6,21,
P689,110149140CHATEAU ROSE,W_XS:1 S:2 M:2 L:2 XL:1 XXL:1,0,,,,,,2024,6,21,
P689,110149153BONNIE BLUE,W_XS:1 S:2 M:2 L:2 XL:1 XXL:1,0,,,,,,2024,6,21,
P689,110149259MARSHMALLOW,W_XS:1 S:2 M:2 L:2 XL:1 XXL:1,0,,,,,,2024,6,21,
P689,110149309CREAM PINK,W_XS:1 S:2 M:2 L:2 XL:1 XXL:1,0,,,,,,2024,6,21,
P689,110150455STAR WHITE,W_XS:1 S:2 M:2 L:2 XL:1 XXL:1,0,,,,,,2024,6,21,
P689,110150458STAR WHITE,W_XS:1 S:2 M:2 L:2 XL:1 XXL:1,0,,,,,,2024,6,21,
P689,110150539CANNOLI CREAM,W_XS:1 S:2 M:2 L:2 XL:1 XXL:1,0,,,,,,2024,6,21,
P689,110150541MISTLETOE,W_XS:1 S:2 M:2 L:2 XL:1 XXL:1,0,,,,,,2024,6,21,
P689,110150574CANNOLI CREAM,W_XS:1 S:2 M:2 L:2 XL:1 XXL:1,0,,,,,,2024,6,21,
P689,110150575VEILED ROSE,W_XS:1 S:2 M:2 L:2 XL:1 XXL:1,0,,,,,,2024,6,21,
P689,110150756CARDINAL,W_XS:1 S:2 M:2 L:2 XL:1 XXL:1,0,,,,,,2024,6,21,
P689,110150855FOREST NIGHT,W_XS:1 S:2 M:2 L:2 XL:1 XXL:1,0,,,,,,2024,6,21,
P689,110150856CLOUD DANCER,W_XS:1 S:2 M:2 L:2 XL:1 XXL:1,0,,,,,,2024,6,21,
P689,110151030CITRONELLE,W_XS:1 S:2 M:2 L:2 XL:1 XXL:1,0,,,,,,2024,6,21,
P689,110151149CLOUD DANCER,W_XS:1 S:2 M:2 L:2 XL:1 XXL:1,0,,,,,,2024,6,21,
P689,110152080JET BLACK,W_XS:1 S:2 M:2 L:2 XL:1 XXL:1,0,,,,,,2024,6,21,
P689,110145632OFF WHITE,W_XS:1 S:2 M:2 L:2 XL:1 XXL:1,0,,,,,,2024,6,21,
P689,110145651BRIGHT WHITE,W_XS:1 S:2 M:2 L:2 XL:1 XXL:1,0,,,,,,2024,6,21,
P689,110145684AIR BLUE,W_XS:1 S:2 M:2 L:2 XL:1 XXL:1,0,,,,,,2024,6,21,
P689,110145685DUSTY ROSE,W_XS:1 S:2 M:2 L:2 XL:1 XXL:1,0,,,,,,2024,6,21,
P689,110145828DREAM BLUE,W_XS:1 S:2 M:2 L:2 XL:1 XXL:1,0,,,,,,2024,6,21,
P689,110145966PINK LAVENDER,W_XS:1 S:2 M:2 L:2 XL:1 XXL:1,0,,,,,,2024,6,21,
P689,110146135SEEDPEARL,W_XS:1 S:2 M:2 L:2 XL:1 XXL:1,0,,,,,,2024,6,21,
P689,110146207CHILI PEPPER,W_XS:1 S:2 M:2 L:2 XL:1 XXL:1,0,,,,,,2024,6,21,
P689,110146207TOTAL ECLIPSE,W_XS:1 S:2 M:2 L:2 XL:1 XXL:1,0,,,,,,2024,6,21,
P689,110146219BLANC DE BLANC,W_XS:1 S:2 M:2 L:2 XL:1 XXL:1,0,,,,,,2024,6,21,
P689,110146229JET BLACK,W_XS:1 S:2 M:2 L:2 XL:1 XXL:1,0,,,,,,2024,6,21,
P689,110146453URBAN RED,W_XS:1 S:2 M:2 L:2 XL:1 XXL:1,0,,,,,,2024,6,21,
P689,110146459STRAWBERRY ICE,W_XS:1 S:2 M:2 L:2 XL:1 XXL:1,0,,,,,,2024,6,21,
P689,110147434CORK,W_XS:1 S:2 M:2 L:2 XL:1 XXL:1,0,,,,,,2024,6,21,
P689,110147436EGRET,W_XS:1 S:2 M:2 L:2 XL:1 XXL:1,0,,,,,,2024,6,21,
P689,110147437PRISTINE,W_XS:1 S:2 M:2 L:2 XL:1 XXL:1,0,,,,,,2024,6,21,
P689,110147602BLANC DE BLANC,W_XS:1 S:2 M:2 L:2 XL:1 XXL:1,0,,,,,,2024,6,21,
P689,110147757ROMANCE ROSE,W_XS:1 S:2 M:2 L:2 XL:1 XXL:1,0,,,,,,2024,6,21,
P689,110147757WHISPER WHITE,W_XS:1 S:2 M:2 L:2 XL:1 XXL:1,0,,,,,,2024,6,21,
P689,110148262SORREL BROWN,W_XS:1 S:2 M:2 L:2 XL:1 XXL:1,0,,,,,,2024,6,21,
P689,110148287PEBBLE,W_XS:1 S:2 M:2 L:2 XL:1 XXL:1,0,,,,,,2024,6,21,
P689,110148372MEDIUM BLUE,W_XS:1 S:2 M:2 L:2 XL:1 XXL:1,0,,,,,,2024,6,21,
P689,110148388BRIGHT WHITE,W_XS:1 S:2 M:2 L:2 XL:1 XXL:1,0,,,,,,2024,6,21,
P689,110148859SORREL BROWN,W_XS:1 S:2 M:2 L:2 XL:1 XXL:1,0,,,,,,2024,6,21,
P689,110149093DUTCH CANAL,W_XS:1 S:2 M:2 L:2 XL:1 XXL:1,0,,,,,,2024,6,21,
P689,110149278CORNFLOWER BLUE,W_XS:1 S:2 M:2 L:2 XL:1 XXL:1,0,,,,,,2024,6,21,
P689,110149310ETRUSCAN RED,W_XS:1 S:2 M:2 L:2 XL:1 XXL:1,0,,,,,,2024,6,21,
P689,110150020ANTHRACITE,W_XS:1 S:2 M:2 L:2 XL:1 XXL:1,0,,,,,,2024,6,21,
P689,110150452SURF THE WEB,W_XS:1 S:2 M:2 L:2 XL:1 XXL:1,0,,,,,,2024,6,21,
P689,110150537MISTLETOE,W_XS:1 S:2 M:2 L:2 XL:1 XXL:1,0,,,,,,2024,6,21,
P689,110150852DELLA ROBBIA BLUE,W_XS:1 S:2 M:2 L:2 XL:1 XXL:1,0,,,,,,2024,6,21,
P689,110151028SEEDPEARL,W_XS:1 S:2 M:2 L:2 XL:1 XXL:1,0,,,,,,2024,6,21,
P689,110151037JET BLACK,W_XS:1 S:2 M:2 L:2 XL:1 XXL:1,0,,,,,,2024,6,21,
P689,110151143BLUE HORIZON,W_XS:1 S:2 M:2 L:2 XL:1 XXL:1,0,,,,,,2024,6,21,
P689,110151146CANDY PINK,W_XS:1 S:2 M:2 L:2 XL:1 XXL:1,0,,,,,,2024,6,21,
P689,110151147BLUE HORIZON,W_XS:1 S:2 M:2 L:2 XL:1 XXL:1,0,,,,,,2024,6,21,
P689,110146456DARK PURPLE,W_XS:1 S:2 M:2 L:2 XL:1 XXL:1,0,,,,,,2024,6,21,
P689,110146364ICEBERG GREEN,W_XS:1 S:2 M:2 L:2 XL:1 XXL:1,0,,,,,,2024,6,21,
P689,110148127PEACOAT,W_XS:1 S:2 M:2 L:2 XL:1 XXL:1,0,,,,,,2024,6,21,
P689,110145897BURNT HENNA,W_XS:1 S:2 M:2 L:2 XL:1 XXL:1,0,,,,,,2024,6,21,
P689,880014095PIQANTE,W_XS:1 S:2 M:2 L:2 XL:1 XXL:1,0,,,,,,2024,6,21,
P689,110146456JET BLACK,W_XS:1 S:2 M:2 L:2 XL:1 XXL:1,0,,,,,,2024,6,21,
P689,880014096EGRET,W_XS:1 S:2 M:2 L:2 XL:1 XXL:1,0,,,,,,2024,6,21,
P689,110145897JET BLACK,W_XS:1 S:2 M:2 L:2 XL:1 XXL:1,0,,,,,,2024,6,21,
P689,880014095TRUE NAVY,W_XS:1 S:2 M:2 L:2 XL:1 XXL:1,0,,,,,,2024,6,21,
P689,110146456CLOUD DANCER,W_XS:1 S:2 M:2 L:2 XL:1 XXL:1,0,,,,,,2024,6,21,
P689,880014096JET BLACK,W_XS:1 S:2 M:2 L:2 XL:1 XXL:1,0,,,,,,2024,6,21,
P689,880014096SACHET PINK,W_XS:1 S:2 M:2 L:2 XL:1 XXL:1,0,,,,,,2024,6,21,
P689,110148127FROSTY GREEN,W_XS:1 S:2 M:2 L:2 XL:1 XXL:1,0,,,,,,2024,6,21,
P689,880014096SAGE,W_XS:1 S:2 M:2 L:2 XL:1 XXL:1,0,,,,,,2024,6,21,
P689,110146457ANTIQUE WHITE,W_XS:1 S:2 M:2 L:2 XL:1 XXL:1,0,,,,,,2024,6,21,
P689,110146457WINDSURFER,W_XS:1 S:2 M:2 L:2 XL:1 XXL:1,0,,,,,,2024,6,21,
P689,110145897PALE STAR,W_XS:1 S:2 M:2 L:2 XL:1 XXL:1,0,,,,,,2024,6,21,
P689,110149067GRAPE WINE,W_XS:1 S:2 M:2 L:2 XL:1 XXL:1,0,,,,,,2024,6,21,
P689,110146363VALERIAN,W_XS:1 S:2 M:2 L:2 XL:1 XXL:1,0,,,,,,2024,6,21,
P689,110146456BRIGHT WHITE,W_XS:1 S:2 M:2 L:2 XL:1 XXL:1,0,,,,,,2024,6,21,
P689,880014096BLANC DE BLANC,W_XS:1 S:2 M:2 L:2 XL:1 XXL:1,0,,,,,,2024,6,21,
P689,110149067JET BLACK,W_XS:1 S:2 M:2 L:2 XL:1 XXL:1,0,,,,,,2024,6,21,
P689,110144492LEGION BLUE,W_XS:1 S:2 M:2 L:2 XL:1 XXL:1,0,,,,,,2024,6,21,
P689,110145897OLIVE NIGHT,W_XS:1 S:2 M:2 L:2 XL:1 XXL:1,0,,,,,,2024,6,21,
P689,110146131CLOUD DANCER,W_XS:1 S:2 M:2 L:2 XL:1 XXL:1,0,,,,,,2024,6,21,
P689,110149067GLACIER GRAY,W_XS:1 S:2 M:2 L:2 XL:1 XXL:1,0,,,,,,2024,6,21,
P689,880014095WISTERIA,W_XS:1 S:2 M:2 L:2 XL:1 XXL:1,0,,,,,,2024,6,21,
P689,880014095CANNOLI CREAM,W_XS:1 S:2 M:2 L:2 XL:1 XXL:1,0,,,,,,2024,6,21,
P689,110148127PALE STAR,W_XS:1 S:2 M:2 L:2 XL:1 XXL:1,0,,,,,,2024,6,21,
P689,110148127CLOUD DANCER,W_XS:1 S:2 M:2 L:2 XL:1 XXL:1,0,,,,,,2024,6,21,
P689,110146456PEACH WHIP,W_XS:1 S:2 M:2 L:2 XL:1 XXL:1,0,,,,,,2024,6,21,
P689,880014095MARITIME BLUE,W_XS:1 S:2 M:2 L:2 XL:1 XXL:1,0,,,,,,2024,6,21,
P689,880014095DESERT SAND,W_XS:1 S:2 M:2 L:2 XL:1 XXL:1,0,,,,,,2024,6,21,
P689,110144492OLIVE NIGHT,W_XS:1 S:2 M:2 L:2 XL:1 XXL:1,0,,,,,,2024,6,21,
P689,110146292ORCHID BLOOM,W_XS:1 S:2 M:2 L:2 XL:1 XXL:1,0,,,,,,2024,6,21,
P689,110146364JET BLACK,W_XS:1 S:2 M:2 L:2 XL:1 XXL:1,0,,,,,,2024,6,21,
P689,110146456PIQANTE,W_XS:1 S:2 M:2 L:2 XL:1 XXL:1,0,,,,,,2024,6,21,
P689,110145897STAR WHITE,W_XS:1 S:2 M:2 L:2 XL:1 XXL:1,0,,,,,,2024,6,21,
P689,110146457SMOKE GREEN,W_XS:1 S:2 M:2 L:2 XL:1 XXL:1,0,,,,,,2024,6,21,
P689,110151029CLOUD DANCER,W_XS:1 S:2 M:2 L:2 XL:1 XXL:1,0,,,,,,2024,6,21,
P689,880014096PINEAPPLE SLICE,W_XS:1 S:2 M:2 L:2 XL:1 XXL:1,0,,,,,,2024,6,21,
P689,110144492CASHMERE BLUE,W_XS:1 S:2 M:2 L:2 XL:1 XXL:1,0,,,,,,2024,6,21,
P689,880014096CHRYSANTHEMUM,W_XS:1 S:2 M:2 L:2 XL:1 XXL:1,0,,,,,,2024,6,21,
P689,880014096URBAN RED,W_XS:1 S:2 M:2 L:2 XL:1 XXL:1,0,,,,,,2024,6,21,
P689,110146131JET BLACK,W_XS:1 S:2 M:2 L:2 XL:1 XXL:1,0,,,,,,2024,6,21,
P689,110144492STAR WHITE,W_XS:1 S:2 M:2 L:2 XL:1 XXL:1,0,,,,,,2024,6,21,
P689,110148126JET BLACK,W_XS:1 S:2 M:2 L:2 XL:1 XXL:1,0,,,,,,2024,6,21,
P689,110146292OPEN AIR,W_XS:1 S:2 M:2 L:2 XL:1 XXL:1,0,,,,,,2024,6,21,
P689,880014095BLUE DEPTHS,W_XS:1 S:2 M:2 L:2 XL:1 XXL:1,0,,,,,,2024,6,21,
P689,110146362VALERIAN,W_XS:1 S:2 M:2 L:2 XL:1 XXL:1,0,,,,,,2024,6,21,
P689,110148126PURPLE HEATHER,W_XS:1 S:2 M:2 L:2 XL:1 XXL:1,0,,,,,,2024,6,21,
P689,110144492JET BLACK,W_XS:1 S:2 M:2 L:2 XL:1 XXL:1,0,,,,,,2024,6,21,
P689,880014096PURPLE PENNANT,W_XS:1 S:2 M:2 L:2 XL:1 XXL:1,0,,,,,,2024,6,21,
P689,110149067OPEN AIR,W_XS:1 S:2 M:2 L:2 XL:1 XXL:1,0,,,,,,2024,6,21,
P689,110149067FLAMINGO PLUME,W_XS:1 S:2 M:2 L:2 XL:1 XXL:1,0,,,,,,2024,6,21,
P689,110149067SNOW WHITE,W_XS:1 S:2 M:2 L:2 XL:1 XXL:1,0,,,,,,2024,6,21,
P689,110146362JET BLACK,W_XS:1 S:2 M:2 L:2 XL:1 XXL:1,0,,,,,,2024,6,21,
P689,110145608LILAC,W_XS:1 S:2 M:2 L:2 XL:1 XXL:1,0,,,,,,2024,6,21,
P689,110146363JET BLACK,W_XS:1 S:2 M:2 L:2 XL:1 XXL:1,0,,,,,,2024,6,21,
P689,880014096OPEN AIR,W_XS:1 S:2 M:2 L:2 XL:1 XXL:1,0,,,,,,2024,6,21,
P689,110145608NAVY,W_XS:1 S:2 M:2 L:2 XL:1 XXL:1,0,,,,,,2024,6,21,
P689,110144492ROSE SMOKE,W_XS:1 S:2 M:2 L:2 XL:1 XXL:1,0,,,,,,2024,6,21,
P689,110146363OIL GREEN,W_XS:1 S:2 M:2 L:2 XL:1 XXL:1,0,,,,,,2024,6,21,
P689,110148127MODERATE BLUE,W_XS:1 S:2 M:2 L:2 XL:1 XXL:1,0,,,,,,2024,6,21,
P689,110146363ANTHRACITE,W_XS:1 S:2 M:2 L:2 XL:1 XXL:1,0,,,,,,2024,6,21,
P689,110146067ANTIQUE WHITE,W_XS:1 S:2 M:2 L:2 XL:1,0,,,,,,2024,6,21,
P689,110146472STAR WHITE,W_XS:1 S:2 M:2 L:2 XL:1,0,,,,,,2024,6,21,
P689,110148082PAPYRUS,W_XS:1 S:2 M:2 L:2 XL:1,0,,,,,,2024,6,21,
P689,110148342FOREST SHADE,W_XS:1 S:2 M:2 L:2 XL:1,0,,,,,,2024,6,21,
P689,110146074DELLA ROBBIA BLUE,W_XS:1 S:2 M:2 L:2 XL:1,0,,,,,,2024,6,21,
P689,110146471DELLA ROBBIA BLUE,W_XS:1 S:2 M:2 L:2 XL:1,0,,,,,,2024,6,21,
P689,110146623ASPHALT,W_XS:1 S:2 M:2 L:2 XL:1,0,,,,,,2024,6,21,
P689,110148083STAR WHITE,W_XS:1 S:2 M:2 L:2 XL:1,0,,,,,,2024,6,21,
P689,110148086PUCE,W_XS:1 S:2 M:2 L:2 XL:1,0,,,,,,2024,6,21,
P689,880014992PAPYRUS,W_XS:1 S:2 M:2 L:2 XL:1,0,,,,,,2024,6,21,
P689,110146069ANTIQUE WHITE,W_XS:1 S:2 M:2 L:2 XL:1,0,,,,,,2024,6,21,
P689,110146367STAR WHITE,W_XS:1 S:2 M:2 L:2 XL:1,0,,,,,,2024,6,21,
P689,110148344JET BLACK,W_XS:1 S:2 M:2 L:2 XL:1,0,,,,,,2024,6,21,
P689,110148343TINT INDIGO,W_XS:1 S:2 M:2 L:2 XL:1,0,,,,,,2024,6,21,
P689,110146068DELLA ROBBIA BLUE,W_XS:1 S:2 M:2 L:2 XL:1,0,,,,,,2024,6,21,
P689,110146069FOREST SHADE,W_XS:1 S:2 M:2 L:2 XL:1,0,,,,,,2024,6,21,
P689,110148139URBAN RED,W_XS:1 S:2 M:2 L:2 XL:1,0,,,,,,2024,6,21,
P689,110148138STAR WHITE,W_XS:1 S:2 M:2 L:2 XL:1,0,,,,,,2024,6,21,
P689,110148140JET BLACK,W_XS:1 S:2 M:2 L:2 XL:1,0,,,,,,2024,6,21,
P689,110146071CEDAR,W_XS:1 S:2 M:2 L:2 XL:1,0,,,,,,2024,6,21,
P689,110148084URBAN RED,W_XS:1 S:2 M:2 L:2 XL:1,0,,,,,,2024,6,21,
P689,110148082PUCE,W_XS:1 S:2 M:2 L:2 XL:1,0,,,,,,2024,6,21,
P689,110148085ANTIQUE WHITE,W_XS:1 S:2 M:2 L:2 XL:1,0,,,,,,2024,6,21,
P689,110148342JET BLACK,W_XS:1 S:2 M:2 L:2 XL:1,0,,,,,,2024,6,21,
P689,110148158MEDIUM STONE,W_XS:1 S:2 M:2 L:1 XL:1,0,,,,,,2024,6,21,
P689,110148157MEDIUM STONE,W_XS:0 S:2 M:2 L:2 XL:1,0,,,,,,2024,6,21,
P689,110145965ANTHRACITE,W_S:1 M:1 L:2 XL:2 XXL:2,0,,,,,,2024,6,21,
P689,110146042DUTCH CANAL,W_S:1 M:1 L:2 XL:2 XXL:2,0,,,,,,2024,6,21,
P689,110151869JET BLACK,W_28:1 30:2 32:2 34:2 36:1 38:1,0,,,,,,2024,6,21,
P689,110146000BAROQUE ROSE,W_28:1 30:1 32:2 34:2 36:2,0,,,,,,2024,6,21,
P689,110145990DUTCH CANAL,W_28:1 30:1 32:2 34:2 36:2,0,,,,,,2024,6,21,
P689,110145989ANTHRACITE,W_28:1 30:1 32:2 34:2 36:2,0,,,,,,2024,6,21,
P689,110145963ANTHRACITE,W_28:1 30:1 32:2 34:2 36:2,0,,,,,,2024,6,21,
P689,110145705BLACK,W_26:2 28:2 30:2 32:2 34:1 36:0,0,,,,,,2024,6,21,
P689,110145824FOREST SHADE,W_26:2 28:2 30:2 32:2 34:1 36:0,0,,,,,,2024,6,21,
P689,110146101FOXGLOVE,W_26:2 28:2 30:2 32:2 34:1 36:0,0,,,,,,2024,6,21,
P689,110146209LIGHT BLUE,W_26:2 28:2 30:2 32:2 34:1 36:0,0,,,,,,2024,6,21,
P689,110146390DUSTY ROSE,W_26:2 28:2 30:2 32:2 34:1 36:0,0,,,,,,2024,6,21,
P689,110145868LIGHT BLUE,W_26:2 28:2 30:2 32:2 34:1 36:0,0,,,,,,2024,6,21,
P689,110148370LIGHT BLUE,W_26:2 28:2 30:2 32:2 34:1 36:0,0,,,,,,2024,6,21,
P689,110145831DEEP DEPTHS,W_26:2 28:2 30:2 32:2 34:1 36:0,0,,,,,,2024,6,21,
P689,110146447DEEP MAHOGANY,W_26:2 28:2 30:2 32:2 34:1 36:0,0,,,,,,2024,6,21,
P689,110146953BLACK,W_26:2 28:2 30:2 32:2 34:1 36:0,0,,,,,,2024,6,21,
P689,110147791DARK BLUE,W_26:2 28:2 30:2 32:2 34:1 36:0,0,,,,,,2024,6,21,
P689,110147792MEDIUM BLUE,W_26:2 28:2 30:2 32:2 34:1 36:0,0,,,,,,2024,6,21,
P689,110147794DARK BLUE,W_26:2 28:2 30:2 32:2 34:1 36:0,0,,,,,,2024,6,21,
P689,110147794MEDIUM BLUE,W_26:2 28:2 30:2 32:2 34:1 36:0,0,,,,,,2024,6,21,
P689,110145830GREEN BAY,W_26:2 28:2 30:2 32:2 34:1 36:0,0,,,,,,2024,6,21,
P689,110146209TINT INDIGO,W_26:2 28:2 30:2 32:2 34:1 36:0,0,,,,,,2024,6,21,
P689,110146214SEEDPEARL,W_26:2 28:2 30:2 32:2 34:1 36:0,0,,,,,,2024,6,21,
P689,110147791LIGHT BLUE,W_26:2 28:2 30:2 32:2 34:1 36:0,0,,,,,,2024,6,21,
P689,110147792TINT INDIGO,W_26:2 28:2 30:2 32:2 34:1 36:0,0,,,,,,2024,6,21,
P689,110148371DARK BLUE,W_26:2 28:2 30:2 32:2 34:1 36:0,0,,,,,,2024,6,21,
P689,110146209MEDIUM STONE,W_26:2 28:2 30:2 32:2 34:1 36:0,0,,,,,,2024,6,21,
P689,110146214JET BLACK,W_26:2 28:2 30:2 32:2 34:1 36:0,0,,,,,,2024,6,21,
P689,110146215CYPRESS,W_26:2 28:2 30:2 32:2 34:1 36:0,0,,,,,,2024,6,21,
P689,110146390DESERT SAGE,W_26:2 28:2 30:2 32:2 34:1 36:0,0,,,,,,2024,6,21,
P689,110147797LIGHT BLUE,W_26:2 28:2 30:2 32:2 34:1 36:0,0,,,,,,2024,6,21,
P689,110148369DEEP MAHOGANY,W_26:2 28:2 30:2 32:2 34:1 36:0,0,,,,,,2024,6,21,
P689,110148385JET BLACK,W_26:2 28:2 30:2 32:2 34:1 36:0,0,,,,,,2024,6,21,
P689,110148387DEEP MAHOGANY,W_26:2 28:2 30:2 32:2 34:1 36:0,0,,,,,,2024,6,21,
P689,110148585WARM TAUPE,W_26:2 28:2 30:2 32:2 34:1 36:0,0,,,,,,2024,6,21,
P689,110145830ZEPHYR,W_26:2 28:2 30:2 32:2 34:1 36:0,0,,,,,,2024,6,21,
P689,110145831JET BLACK,W_26:2 28:2 30:2 32:2 34:1 36:0,0,,,,,,2024,6,21,
P689,110147793BLACK,W_26:2 28:2 30:2 32:2 34:1 36:0,0,,,,,,2024,6,21,
P689,110146215JET BLACK,W_26:2 28:2 30:2 32:2 34:1 36:0,0,,,,,,2024,6,21,
P689,110146447JET BLACK,W_26:2 28:2 30:2 32:2 34:1 36:0,0,,,,,,2024,6,21,
P689,110145898MILITARY OLIVE,W_26:2 28:2 30:2 32:2 34:1,0,,,,,,2024,6,21,
P689,880014853LODEN GREEN,W_26:2 28:2 30:2 32:2 34:1,0,,,,,,2024,6,21,
P689,880014853PUCE,W_26:2 28:2 30:2 32:2 34:1,0,,,,,,2024,6,21,
P689,110147200DARK STONE,W_26:2 28:2 30:2 32:2 34:1,0,,,,,,2024,6,21,
P689,110147200RINSE BLACK,W_26:2 28:2 30:2 32:2 34:1,0,,,,,,2024,6,21,
P689,110148156DARK STONE,W_26:2 28:2 30:2 32:2 34:1,0,,,,,,2024,6,21,
P689,110148156RINSE BLACK,W_26:2 28:2 30:2 32:2 34:1,0,,,,,,2024,6,21,
P689,110147802TINT INDIGO,W_26:2 28:2 30:2 32:2 34:1,0,,,,,,2024,6,21,
P689,110148341TINT INDIGO,W_26:2 28:2 30:2 32:2 34:1,0,,,,,,2024,6,21,
P689,880014980LIGHT STONE,W_26:2 28:2 30:2 32:2 34:1,0,,,,,,2024,6,21,
P689,880014854JET BLACK,W_26:2 28:2 30:2 32:2 34:1,0,,,,,,2024,6,21,
P689,110146136MEDIUM STONE,W_26:2 28:2 30:2 32:2 34:1,0,,,,,,2024,6,21,
P689,880014854CHICORY,W_26:2 28:2 30:2 32:2 34:1,0,,,,,,2024,6,21,
P689,880014991PAPYRUS,W_26:2 28:2 30:2 32:2 34:1,0,,,,,,2024,6,21,
P689,110146136LIGHT STONE,W_26:2 28:2 30:2 32:2 34:1,0,,,,,,2024,6,21,
P689,110147802ACID WASH,W_26:2 28:2 30:2 32:2 34:1,0,,,,,,2024,6,21,
P689,110148081JET BLACK,W_26:2 28:2 30:2 32:2 34:1,0,,,,,,2024,6,21,
P689,110148341LIGHT STONE,W_26:2 28:2 30:2 32:2 34:1,0,,,,,,2024,6,21,
P689,110145616MEDIUM GRAY,W_26:1 28:2 30:2 32:2 34:1 36:1,0,,,,,,2024,6,21,
P689,110146215FOG,W_26:1 28:2 30:2 32:2 34:1 36:1,0,,,,,,2024,6,21,
P689,110148285PEBBLE,W_26:1 28:2 30:2 32:2 34:1 36:1,0,,,,,,2024,6,21,
P689,110150580ASH ROSE,W_26:1 28:2 30:2 32:2 34:1 36:1,0,,,,,,2024,6,21,
P689,110150751WHISPER WHITE,W_26:1 28:2 30:2 32:2 34:1 36:1,0,,,,,,2024,6,21,
P689,110151096JET BLACK,W_26:1 28:2 30:2 32:2 34:1 36:1,0,,,,,,2024,6,21,
P689,110151150CLOUD DANCER,W_26:1 28:2 30:2 32:2 34:1 36:1,0,,,,,,2024,6,21,
P689,880015131MEDIUM STONE,W_26:1 28:2 30:2 32:2 34:1 36:1,0,,,,,,2024,6,21,
P689,880015232BLACK,W_26:1 28:2 30:2 32:2 34:1 36:1,0,,,,,,2024,6,21,
P689,110146215CORNFLOWER BLUE,W_26:1 28:2 30:2 32:2 34:1 36:1,0,,,,,,2024,6,21,
P689,110146215FROSTY GREEN,W_26:1 28:2 30:2 32:2 34:1 36:1,0,,,,,,2024,6,21,
P689,110146448MEDIUM BLUE,W_26:1 28:2 30:2 32:2 34:1 36:1,0,,,,,,2024,6,21,
P689,110148212CLOUD DANCER,W_26:1 28:2 30:2 32:2 34:1 36:1,0,,,,,,2024,6,21,
P689,110149133ZEPHYR,W_26:1 28:2 30:2 32:2 34:1 36:1,0,,,,,,2024,6,21,
P689,110150118ANTHRACITE,W_26:1 28:2 30:2 32:2 34:1 36:1,0,,,,,,2024,6,21,
P689,110150479SKY BLUE,W_26:1 28:2 30:2 32:2 34:1 36:1,0,,,,,,2024,6,21,
P689,110145616JET BLACK,W_26:1 28:2 30:2 32:2 34:1 36:1,0,,,,,,2024,6,21,
P689,110146090BLACK,W_26:1 28:2 30:2 32:2 34:1 36:1,0,,,,,,2024,6,21,
P689,110146215CLOUD DANCER,W_26:1 28:2 30:2 32:2 34:1 36:1,0,,,,,,2024,6,21,
P689,110146215LARK,W_26:1 28:2 30:2 32:2 34:1 36:1,0,,,,,,2024,6,21,
P689,110147796BLACK,W_26:1 28:2 30:2 32:2 34:1 36:1,0,,,,,,2024,6,21,
P689,110148717STAR WHITE,W_26:1 28:2 30:2 32:2 34:1 36:1,0,,,,,,2024,6,21,
P689,110148718STAR WHITE,W_26:1 28:2 30:2 32:2 34:1 36:1,0,,,,,,2024,6,21,
P689,110149092LIGHT BLUE,W_26:1 28:2 30:2 32:2 34:1 36:1,0,,,,,,2024,6,21,
P689,110150120ANTHRACITE,W_26:1 28:2 30:2 32:2 34:1 36:1,0,,,,,,2024,6,21,
P689,110150751CARDINAL,W_26:1 28:2 30:2 32:2 34:1 36:1,0,,,,,,2024,6,21,
P689,110150755ANTIQUE WHITE,W_26:1 28:2 30:2 32:2 34:1 36:1,0,,,,,,2024,6,21,
P689,880014087MEDIUM BLUE,W_26:1 28:2 30:2 32:2 34:1 36:1,0,,,,,,2024,6,21,
P689,880014961BEECH,W_26:1 28:2 30:2 32:2 34:1 36:1,0,,,,,,2024,6,21,
P689,880014961CHOCOLATE FONDANT,W_26:1 28:2 30:2 32:2 34:1 36:1,0,,,,,,2024,6,21,
P689,880014961FESTIVAL FUCHSIA,W_26:1 28:2 30:2 32:2 34:1 36:1,0,,,,,,2024,6,21,
P689,880015131ICE,W_26:1 28:2 30:2 32:2 34:1 36:1,0,,,,,,2024,6,21,
P689,110146390DIJON,W_26:1 28:2 30:2 32:2 34:1 36:1,0,,,,,,2024,6,21,
P689,110146961DIJON,W_26:1 28:2 30:2 32:2 34:1 36:1,0,,,,,,2024,6,21,
P689,110148373LIGHT BLUE,W_26:1 28:2 30:2 32:2 34:1 36:1,0,,,,,,2024,6,21,
P689,110148528JET BLACK,W_26:1 28:2 30:2 32:2 34:1 36:1,0,,,,,,2024,6,21,
P689,110149255INDIAN TAN,W_26:1 28:2 30:2 32:2 34:1 36:1,0,,,,,,2024,6,21,
P689,110150745JET BLACK,W_26:1 28:2 30:2 32:2 34:1 36:1,0,,,,,,2024,6,21,
P689,110150850CLOUD DANCER,W_26:1 28:2 30:2 32:2 34:1 36:1,0,,,,,,2024,6,21,
P689,110152159JET BLACK,W_26:1 28:2 30:2 32:2 34:1 36:1,0,,,,,,2024,6,21,
P689,110145616DARK SHADOW,W_26:1 28:2 30:2 32:2 34:1 36:1,0,,,,,,2024,6,21,
P689,110146492CORNFLOWER BLUE,W_26:1 28:2 30:2 32:2 34:1 36:1,0,,,,,,2024,6,21,
P689,110147433CORK,W_26:1 28:2 30:2 32:2 34:1 36:1,0,,,,,,2024,6,21,
P689,110148294CYPRESS,W_26:1 28:2 30:2 32:2 34:1 36:1,0,,,,,,2024,6,21,
P689,110149136MARSHMALLOW,W_26:1 28:2 30:2 32:2 34:1 36:1,0,,,,,,2024,6,21,
P689,110150021CAPTAINS BLUE,W_26:1 28:2 30:2 32:2 34:1 36:1,0,,,,,,2024,6,21,
P689,110150754WHISPER WHITE,W_26:1 28:2 30:2 32:2 34:1 36:1,0,,,,,,2024,6,21,
P689,110146034MEDIUM STONE,W_26:1 28:2 30:2 32:2 34:1 36:1,0,,,,,,2024,6,21,
P689,110146034TINT INDIGO,W_26:1 28:2 30:2 32:2 34:1 36:1,0,,,,,,2024,6,21,
P689,110146448BLUE,W_26:1 28:2 30:2 32:2 34:1 36:1,0,,,,,,2024,6,21,
P689,110147553JET BLACK,W_26:1 28:2 30:2 32:2 34:1 36:1,0,,,,,,2024,6,21,
P689,110147555SORREL BROWN,W_26:1 28:2 30:2 32:2 34:1 36:1,0,,,,,,2024,6,21,
P689,110147593CYPRESS,W_26:1 28:2 30:2 32:2 34:1 36:1,0,,,,,,2024,6,21,
P689,110147795DARK BLUE,W_26:1 28:2 30:2 32:2 34:1 36:1,0,,,,,,2024,6,21,
P689,110148284BLACK IRIS,W_26:1 28:2 30:2 32:2 34:1 36:1,0,,,,,,2024,6,21,
P689,110148294WHISPER WHITE,W_26:1 28:2 30:2 32:2 34:1 36:1,0,,,,,,2024,6,21,
P689,110148373MEDIUM BLUE,W_26:1 28:2 30:2 32:2 34:1 36:1,0,,,,,,2024,6,21,
P689,110149255JET BLACK,W_26:1 28:2 30:2 32:2 34:1 36:1,0,,,,,,2024,6,21,
P689,110150023LIGHT BLUE,W_26:1 28:2 30:2 32:2 34:1 36:1,0,,,,,,2024,6,21,
P689,110150482PINK LAVENDER,W_26:1 28:2 30:2 32:2 34:1 36:1,0,,,,,,2024,6,21,
P689,110150805WHISPER WHITE,W_26:1 28:2 30:2 32:2 34:1 36:1,0,,,,,,2024,6,21,
P689,110150926ANTHRACITE,W_26:1 28:2 30:2 32:2 34:1 36:1,0,,,,,,2024,6,21,
P689,110151713FOREST SHADE,W_26:1 28:2 30:2 32:2 34:1 36:1,0,,,,,,2024,6,21,
P689,110152158SLATE GREEN,W_26:1 28:2 30:2 32:2 34:1 36:1,0,,,,,,2024,6,21,
P689,110147433CORNFLOWER BLUE,W_26:1 28:2 30:2 32:2 34:1 36:1,0,,,,,,2024,6,21,
P689,110147792LIGHT BLUE,W_26:1 28:2 30:2 32:2 34:1 36:1,0,,,,,,2024,6,21,
P689,110148373DARK BLUE,W_26:1 28:2 30:2 32:2 34:1 36:1,0,,,,,,2024,6,21,
P689,110148710LAPIS BLUE,W_26:1 28:2 30:2 32:2 34:1 36:1,0,,,,,,2024,6,21,
P689,110149276CREAM PINK,W_26:1 28:2 30:2 32:2 34:1 36:1,0,,,,,,2024,6,21,
P689,110149279CREAM PINK,W_26:1 28:2 30:2 32:2 34:1 36:1,0,,,,,,2024,6,21,
P689,110150022LIGHT BLUE,W_26:1 28:2 30:2 32:2 34:1 36:1,0,,,,,,2024,6,21,
P689,110151150LARK,W_26:1 28:2 30:2 32:2 34:1 36:1,0,,,,,,2024,6,21,
P689,110151313DELLA ROBBIA BLUE,W_26:1 28:2 30:2 32:2 34:1 36:1,0,,,,,,2024,6,21,
P689,110152157TINT INDIGO,W_26:1 28:2 30:2 32:2 34:1 36:1,0,,,,,,2024,6,21,
P689,880014961AIR BLUE,W_26:1 28:2 30:2 32:2 34:1 36:1,0,,,,,,2024,6,21,
P689,880014961SNOW WHITE,W_26:1 28:2 30:2 32:2 34:1 36:1,0,,,,,,2024,6,21,
P689,110145616DEEP OLIVE,W_26:1 28:2 30:2 32:2 34:1 36:1,0,,,,,,2024,6,21,
P689,110146034LIGHT BLUE,W_26:1 28:2 30:2 32:2 34:1 36:1,0,,,,,,2024,6,21,
P689,110147593ROMANCE ROSE,W_26:1 28:2 30:2 32:2 34:1 36:1,0,,,,,,2024,6,21,
P689,110148386BLACK,W_26:1 28:2 30:2 32:2 34:1 36:1,0,,,,,,2024,6,21,
P689,110148426STAR WHITE,W_26:1 28:2 30:2 32:2 34:1 36:1,0,,,,,,2024,6,21,
P689,110149276ETRUSCAN RED,W_26:1 28:2 30:2 32:2 34:1 36:1,0,,,,,,2024,6,21,
P689,110149279LENTIL SPROUT,W_26:1 28:2 30:2 32:2 34:1 36:1,0,,,,,,2024,6,21,
P689,110150119TAN,W_26:1 28:2 30:2 32:2 34:1 36:1,0,,,,,,2024,6,21,
P689,110151063ANTHRACITE,W_26:1 28:2 30:2 32:2 34:1 36:1,0,,,,,,2024,6,21,
P689,110151528EGRET,W_26:1 28:2 30:2 32:2 34:1 36:1,0,,,,,,2024,6,21,
P689,880014087LIGHT BLUE,W_26:1 28:2 30:2 32:2 34:1 36:1,0,,,,,,2024,6,21,
P689,880015130TINT INDIGO,W_26:1 28:2 30:2 32:2 34:1 36:1,0,,,,,,2024,6,21,
P689,880015230ORCHID PINK,W_26:1 28:2 30:2 32:2 34:1 36:1,0,,,,,,2024,6,21,
P689,880015231GREY,W_26:1 28:2 30:2 32:2 34:1 36:1,0,,,,,,2024,6,21,
P689,110148214GLACIER GRAY,W_26:1 28:2 30:2 32:2 34:1 36:1,0,,,,,,2024,6,21,
P689,110148213BLUE HORIZON,W_26:1 28:2 30:2 32:2 34:1 36:1,0,,,,,,2024,6,21,
P689,110148529DAWN PINK,W_26:1 28:2 30:2 32:2 34:1 36:1,0,,,,,,2024,6,21,
P689,110149066LUPINE,W_26:1 28:2 30:2 32:2 34:1 36:1,0,,,,,,2024,6,21,
P689,880015270MEDIUM BLUE,W_26:1 28:2 30:2 32:2 34:1 36:1,0,,,,,,2024,6,21,
P689,110149066GRAPE WINE,W_26:1 28:2 30:2 32:2 34:1 36:1,0,,,,,,2024,6,21,
P689,110148214ANTHRACITE,W_26:1 28:2 30:2 32:2 34:1 36:1,0,,,,,,2024,6,21,
P689,110146362BLUE HORIZON,W_26:1 28:2 30:2 32:2 34:1 36:1,0,,,,,,2024,6,21,
P689,110148221GLACIER GRAY,W_26:1 28:2 30:2 32:2 34:1 36:1,0,,,,,,2024,6,21,
P689,110148213GLACIER GRAY,W_26:1 28:2 30:2 32:2 34:1 36:1,0,,,,,,2024,6,21,
P689,110148529STRETCH LIMO,W_26:1 28:2 30:2 32:2 34:1 36:1,0,,,,,,2024,6,21,
P689,110148529JET BLACK,W_26:1 28:2 30:2 32:2 34:1 36:1,0,,,,,,2024,6,21,
P689,110148529BROWN STONE,W_26:1 28:2 30:2 32:2 34:1 36:1,0,,,,,,2024,6,21,
P689,110148214BLUE HORIZON,W_26:1 28:2 30:2 32:2 34:1 36:1,0,,,,,,2024,6,21,
P689,110146362STRAWBERRY ICE,W_26:1 28:2 30:2 32:2 34:1 36:1,0,,,,,,2024,6,21,
P689,110148529DARK PURPLE,W_26:1 28:2 30:2 32:2 34:1 36:1,0,,,,,,2024,6,21,
P689,880015273BLACK,W_26:1 28:2 30:2 32:2 34:1 36:1,0,,,,,,2024,6,21,
P689,110149066GLACIER GRAY,W_26:1 28:2 30:2 32:2 34:1 36:1,0,,,,,,2024,6,21,
P689,880015271BLACK,W_26:1 28:2 30:2 32:2 34:1 36:1,0,,,,,,2024,6,21,
P689,110148213STRAWBERRY ICE,W_26:1 28:2 30:2 32:2 34:1 36:1,0,,,,,,2024,6,21,
P689,110148529SUNNY LIME,W_26:1 28:2 30:2 32:2 34:1 36:1,0,,,,,,2024,6,21,
P689,110146362ECRU,W_26:1 28:2 30:2 32:2 34:1 36:1,0,,,,,,2024,6,21,
P689,110148213ANTHRACITE,W_26:1 28:2 30:2 32:2 34:1 36:1,0,,,,,,2024,6,21,
P689,880015272TINT INDIGO,W_26:1 28:2 30:2 32:2 34:1 36:1,0,,,,,,2024,6,21,
P689,110148529RABBIT,W_26:1 28:2 30:2 32:2 34:1 36:1,0,,,,,,2024,6,21,
P689,110146364OIL GREEN,W_26:1 28:2 30:2 32:2 34:1 36:1,0,,,,,,2024,6,21,
P689,110148136CHARCOAL GRAY,W_26:1 28:1 30:2 32:2 34:2 36:1,0,,,,,,2024,6,21,
P689,110148137DARK STONE,W_26:1 28:1 30:2 32:2 34:2 36:1,0,,,,,,2024,6,21,
P689,110148136RINSE BLACK,W_26:1 28:1 30:2 32:2 34:2 36:1,0,,,,,,2024,6,21,
P689,110148940RINSE BLACK,W_26:1 28:1 30:1 32:1 34:1,0,,,,,,2024,6,21,
P689,110146226PINK FROSTING,W_ S:2 M:4 L:4 XL:4 XXL:2 3XL:2,0,,,,,,2024,6,21,
P689,110148223CHILI PEPPER,W_ S:2 M:4 L:4 XL:4 XXL:2 3XL:2,0,,,,,,2024,6,21,
P689,110148224ALMOND PEACH,W_ S:2 M:4 L:4 XL:4 XXL:2 3XL:2,0,,,,,,2024,6,21,
P689,110148135STAR WHITE,W_ S:2 M:4 L:4 XL:4 XXL:2 3XL:2,0,,,,,,2024,6,21,
P689,110149928DEW,W_ S:2 M:4 L:4 XL:4 XXL:2 3XL:2,0,,,,,,2024,6,21,
P689,110148225ICEBERG GREEN,W_ S:2 M:4 L:4 XL:4 XXL:2 3XL:2,0,,,,,,2024,6,21,
P689,110148224STAR WHITE,W_ S:2 M:4 L:4 XL:4 XXL:2 3XL:2,0,,,,,,2024,6,21,
P689,110148222STAR WHITE,W_ S:2 M:4 L:4 XL:4 XXL:2 3XL:2,0,,,,,,2024,6,21,
P689,110148223LAUREL WREATH,W_ S:2 M:4 L:4 XL:4 XXL:2 3XL:2,0,,,,,,2024,6,21,
P689,110148225BRIGHT WHITE,W_ S:2 M:4 L:4 XL:4 XXL:2 3XL:2,0,,,,,,2024,6,21,
P689,110146108STAR WHITE,W_ S:2 M:4 L:4 XL:4 XXL:2 3XL:2,0,,,,,,2024,6,21,
P689,110146226DAWN PINK,W_ S:2 M:4 L:4 XL:4 XXL:2 3XL:2,0,,,,,,2024,6,21,
P689,110146109MOONLESS NIGHT,W_ S:2 M:4 L:4 XL:4 XXL:2 3XL:2,0,,,,,,2024,6,21,
P689,110146226DARK PURPLE,W_ S:2 M:4 L:4 XL:4 XXL:2 3XL:2,0,,,,,,2024,6,21,
P689,110146112MOONLESS NIGHT,W_ S:2 M:4 L:4 XL:4 XXL:2 3XL:2,0,,,,,,2024,6,21,
P689,110146112SNOW WHITE,W_ S:2 M:4 L:4 XL:4 XXL:2 3XL:2,0,,,,,,2024,6,21,
P689,110148225ALMOND PEACH,W_ S:2 M:4 L:4 XL:4 XXL:2 3XL:2,0,,,,,,2024,6,21,
P689,110146226PIRATE BLACK,W_ S:2 M:4 L:4 XL:4 XXL:2 3XL:2,0,,,,,,2024,6,21,
P689,110146073DEW,W_ S:2 M:4 L:4 XL:4 XXL:2 3XL:2,0,,,,,,2024,6,21,
P689,110148224MOONLESS NIGHT,W_ S:2 M:4 L:4 XL:4 XXL:2 3XL:2,0,,,,,,2024,6,21,
P689,110146073PINK LAVENDER,W_ S:2 M:4 L:4 XL:4 XXL:2 3XL:2,0,,,,,,2024,6,21,
P689,110148223REFLECTING POND,W_ S:2 M:4 L:4 XL:4 XXL:2 3XL:2,0,,,,,,2024,6,21,
P689,110149928STAR WHITE,W_ S:2 M:4 L:4 XL:4 XXL:2 3XL:2,0,,,,,,2024,6,21,
P689,110148223JET BLACK,W_ S:2 M:4 L:4 XL:4 XXL:2 3XL:2,0,,,,,,2024,6,21,
P689,110148222ICEBERG GREEN,W_ S:2 M:4 L:4 XL:4 XXL:2 3XL:2,0,,,,,,2024,6,21,
P689,110146111DUSTY ROSE,W_ S:2 M:4 L:4 XL:4 XXL:2 3XL:2,0,,,,,,2024,6,21,
P689,110148223MOONLESS NIGHT,W_ S:2 M:4 L:4 XL:4 XXL:2 3XL:2,0,,,,,,2024,6,21,
P689,110149928DARK PURPLE,W_ S:2 M:4 L:4 XL:4 XXL:2 3XL:2,0,,,,,,2024,6,21,
P689,110146227JET BLACK,W_ S:2 M:4 L:4 XL:4 XXL:2 3XL:2,0,,,,,,2024,6,21,
P689,110150553JET BLACK,W_ S:2 M:4 L:4 XL:4 XXL:2 3XL:2,0,,,,,,2024,6,21,
P689,110146110STAR WHITE,W_ S:2 M:4 L:4 XL:4 XXL:2 3XL:2,0,,,,,,2024,6,21,
P689,110146226STRETCH LIMO,W_ S:2 M:4 L:4 XL:4 XXL:2 3XL:2,0,,,,,,2024,6,21,
P689,110148225NOSTALGIA ROSE,W_ S:2 M:4 L:4 XL:4 XXL:2 3XL:2,0,,,,,,2024,6,21,
P689,110146110JET BLACK,W_ S:2 M:4 L:4 XL:4 XXL:2 3XL:2,0,,,,,,2024,6,21,
P689,110146006DESERT SAGE,W_ S:2 M:4 L:4 XL:4 XXL:2 3XL:2,0,,,,,,2024,6,21,
P689,110146073PIRATE BLACK,W_ S:2 M:4 L:4 XL:4 XXL:2 3XL:2,0,,,,,,2024,6,21,
P689,110146112DUSTY ROSE,W_ S:2 M:4 L:4 XL:4 XXL:2 3XL:2,0,,,,,,2024,6,21,
P689,110146073SNOW WHITE,W_ S:2 M:4 L:4 XL:4 XXL:2 3XL:2,0,,,,,,2024,6,21,
P689,110146226JET BLACK,W_ S:2 M:4 L:4 XL:4 XXL:2 3XL:2,0,,,,,,2024,6,21,
P689,110148222CHILI PEPPER,W_ S:2 M:4 L:4 XL:4 XXL:2 3XL:2,0,,,,,,2024,6,21,
P689,110146006PRISTINE,W_ S:2 M:4 L:4 XL:4 XXL:2 3XL:2,0,,,,,,2024,6,21,
P689,110146109DESERT SAGE,W_ S:2 M:4 L:4 XL:4 XXL:2 3XL:2,0,,,,,,2024,6,21,
P689,110148224BRIGHT WHITE,W_ S:2 M:4 L:4 XL:4 XXL:2 3XL:2,0,,,,,,2024,6,21,
P689,110146073JET BLACK,W_ S:2 M:4 L:4 XL:4 XXL:2 3XL:2,0,,,,,,2024,6,21,
P689,110146108BITTER CHOCOLATE,W_ S:2 M:4 L:4 XL:4 XXL:2 3XL:2,0,,,,,,2024,6,21,
P689,110146226OPEN AIR,W_ S:2 M:4 L:4 XL:4 XXL:2 3XL:2,0,,,,,,2024,6,21,
P689,110148223CLEAR SKY,W_ S:2 M:4 L:4 XL:4 XXL:2 3XL:2,0,,,,,,2024,6,21,
P689,110148225EGGNOG,W_ S:2 M:4 L:4 XL:4 XXL:2 3XL:2,0,,,,,,2024,6,21,
P689,110146111SNOW WHITE,W_ S:2 M:4 L:4 XL:4 XXL:2 3XL:2,0,,,,,,2024,6,21,
P689,110148222DAWN PINK,W_ S:2 M:4 L:4 XL:4 XXL:2 3XL:2,0,,,,,,2024,6,21,
P689,110146108JET BLACK,W_ S:2 M:4 L:4 XL:4 XXL:2 3XL:2,0,,,,,,2024,6,21,
P689,110148225MOONLESS NIGHT,W_ S:2 M:4 L:4 XL:4 XXL:2 3XL:2,0,,,,,,2024,6,21,
P689,110148225CHILI PEPPER,W_ S:2 M:4 L:4 XL:4 XXL:2 3XL:2,0,,,,,,2024,6,21,
P689,110146226ANTHRACITE,W_ S:2 M:4 L:4 XL:4 XXL:2 3XL:2,0,,,,,,2024,6,21,
P689,110146110BITTER CHOCOLATE,W_ S:2 M:4 L:4 XL:4 XXL:2 3XL:2,0,,,,,,2024,6,21,
P689,110146006CYPRESS,W_ S:2 M:4 L:4 XL:4 XXL:2 3XL:2,0,,,,,,2024,6,21,
P689,110146110PRISTINE,W_ S:2 M:4 L:4 XL:4 XXL:2 3XL:2,0,,,,,,2024,6,21,
P689,110148131ALMOND PEACH,W_ S:2 M:4 L:4 XL:4 XXL:2 3XL:2,0,,,,,,2024,6,21,
P689,110146109JET BLACK,W_ S:2 M:4 L:4 XL:4 XXL:2 3XL:2,0,,,,,,2024,6,21,
P689,110146108CYPRESS,W_ S:2 M:4 L:4 XL:4 XXL:2 3XL:2,0,,,,,,2024,6,21,
P689,110146226PINK LAVENDER,W_ S:2 M:4 L:4 XL:4 XXL:2 3XL:2,0,,,,,,2024,6,21,
P689,110148135SNOW WHITE,W_ S:2 M:4 L:4 XL:4 XXL:2 3XL:2,0,,,,,,2024,6,21,
P689,110148222BRIGHT WHITE,W_ S:2 M:4 L:4 XL:4 XXL:2 3XL:2,0,,,,,,2024,6,21,
P689,110146111DESERT SAGE,W_ S:2 M:4 L:4 XL:4 XXL:2 3XL:2,0,,,,,,2024,6,21,
P689,110146108PRISTINE,W_ S:2 M:4 L:4 XL:4 XXL:2 3XL:2,0,,,,,,2024,6,21,
P689,110148223EGGNOG,W_ S:2 M:4 L:4 XL:4 XXL:2 3XL:2,0,,,,,,2024,6,21,
P689,110146226ROEBUCK,W_ S:2 M:4 L:4 XL:4 XXL:2 3XL:2,0,,,,,,2024,6,21,
P689,110146111PRISTINE,W_ S:2 M:4 L:4 XL:4 XXL:2 3XL:2,0,,,,,,2024,6,21,
P689,110146226SKY BLUE,W_ S:2 M:4 L:4 XL:4 XXL:2 3XL:2,0,,,,,,2024,6,21,
P689,110148223NOSTALGIA ROSE,W_ S:2 M:4 L:4 XL:4 XXL:2 3XL:2,0,,,,,,2024,6,21,
P689,110146073DUSTY YELLOW,W_ S:2 M:4 L:4 XL:4 XXL:2 3XL:2,0,,,,,,2024,6,21,
P689,110146108SNOW WHITE,W_ S:2 M:4 L:4 XL:4 XXL:2 3XL:2,0,,,,,,2024,6,21,
P689,110148222LAUREL WREATH,W_ S:2 M:4 L:4 XL:4 XXL:2 3XL:2,0,,,,,,2024,6,21,
P689,110148225CLEAR SKY,W_ S:2 M:4 L:4 XL:4 XXL:2 3XL:2,0,,,,,,2024,6,21,
P689,110148131STAR WHITE,W_ S:2 M:4 L:4 XL:4 XXL:2 3XL:2,0,,,,,,2024,6,21,
P689,110150560BRIGHT WHITE,W_ S:2 M:4 L:4 XL:4 XXL:2 3XL:2,0,,,,,,2024,6,21,
P689,110146073BROWN STONE,W_ S:2 M:4 L:4 XL:4 XXL:2 3XL:2,0,,,,,,2024,6,21,
P689,110146073VIOLET ICE,W_ S:2 M:4 L:4 XL:4 XXL:2 3XL:2,0,,,,,,2024,6,21,
P689,110148131MOONLESS NIGHT,W_ S:2 M:4 L:4 XL:4 XXL:2 3XL:2,0,,,,,,2024,6,21,
P689,110146109PRISTINE,W_ S:2 M:4 L:4 XL:4 XXL:2 3XL:2,0,,,,,,2024,6,21,
P689,110146006DUSTY ROSE,W_ S:2 M:4 L:4 XL:4 XXL:2 3XL:2,0,,,,,,2024,6,21,
P689,110146226FOREST SHADE,W_ S:2 M:4 L:4 XL:4 XXL:2 3XL:2,0,,,,,,2024,6,21,
P689,110146111SEEDPEARL,W_ S:2 M:4 L:4 XL:4 XXL:2 3XL:2,0,,,,,,2024,6,21,
P689,110148225JET BLACK,W_ S:2 M:4 L:4 XL:4 XXL:2 3XL:2,0,,,,,,2024,6,21,
P689,110150554JET BLACK,W_ S:2 M:4 L:4 XL:4 XXL:2 3XL:2,0,,,,,,2024,6,21,
P689,110148223DRIED HERB,W_ S:2 M:4 L:4 XL:4 XXL:2 3XL:2,0,,,,,,2024,6,21,
P689,110146108SEEDPEARL,W_ S:2 M:4 L:4 XL:4 XXL:2 3XL:2,0,,,,,,2024,6,21,
P689,110148131BRIGHT WHITE,W_ S:2 M:4 L:4 XL:4 XXL:2 3XL:2,0,,,,,,2024,6,21,
P689,110146108DUSTY ROSE,W_ S:2 M:4 L:4 XL:4 XXL:2 3XL:2,0,,,,,,2024,6,21,
P689,110148223STAR WHITE,W_ S:2 M:4 L:4 XL:4 XXL:2 3XL:2,0,,,,,,2024,6,21,
P689,110148222DRIED HERB,W_ S:2 M:4 L:4 XL:4 XXL:2 3XL:2,0,,,,,,2024,6,21,
P689,110146108DESERT SAGE,W_ S:2 M:4 L:4 XL:4 XXL:2 3XL:2,0,,,,,,2024,6,21,
P689,110148225LEMON MERINGUE,W_ S:2 M:4 L:4 XL:4 XXL:2 3XL:2,0,,,,,,2024,6,21,
P689,110146226DUSTY YELLOW,W_ S:2 M:4 L:4 XL:4 XXL:2 3XL:2,0,,,,,,2024,6,21,
P689,110148225STAR WHITE,W_ S:2 M:4 L:4 XL:4 XXL:2 3XL:2,0,,,,,,2024,6,21,
P689,110148224NOSTALGIA ROSE,W_ S:2 M:4 L:4 XL:4 XXL:2 3XL:2,0,,,,,,2024,6,21,
P689,110146112JET BLACK,W_ S:2 M:4 L:4 XL:4 XXL:2 3XL:2,0,,,,,,2024,6,21,
P689,110146006SNOW WHITE,W_ S:2 M:4 L:4 XL:4 XXL:2 3XL:2,0,,,,,,2024,6,21,
P689,110148224REFLECTING POND,W_ S:2 M:4 L:4 XL:4 XXL:2 3XL:2,0,,,,,,2024,6,21,
P689,110146109BITTER CHOCOLATE,W_ S:2 M:4 L:4 XL:4 XXL:2 3XL:2,0,,,,,,2024,6,21,
P689,110146111JET BLACK,W_ S:2 M:4 L:4 XL:4 XXL:2 3XL:2,0,,,,,,2024,6,21,
P689,110146111ROSE DUST,W_ S:2 M:4 L:4 XL:4 XXL:2 3XL:2,0,,,,,,2024,6,21,
P689,110146073SKY BLUE,W_ S:2 M:4 L:4 XL:4 XXL:2 3XL:2,0,,,,,,2024,6,21,
P689,110146111CYPRESS,W_ S:2 M:4 L:4 XL:4 XXL:2 3XL:2,0,,,,,,2024,6,21,
P689,110146006BITTER CHOCOLATE,W_ S:2 M:4 L:4 XL:4 XXL:2 3XL:2,0,,,,,,2024,6,21,
P689,110146006ETRUSCAN RED,W_ S:2 M:4 L:4 XL:4 XXL:2 3XL:2,0,,,,,,2024,6,21,
P689,110146226SUNNY LIME,W_ S:2 M:4 L:4 XL:4 XXL:2 3XL:2,0,,,,,,2024,6,21,
P689,110148222CLEAR SKY,W_ S:2 M:4 L:4 XL:4 XXL:2 3XL:2,0,,,,,,2024,6,21,
P689,110146111ETRUSCAN RED,W_ S:2 M:4 L:4 XL:4 XXL:2 3XL:2,0,,,,,,2024,6,21,
P689,110146112SEEDPEARL,W_ S:2 M:4 L:4 XL:4 XXL:2 3XL:2,0,,,,,,2024,6,21,
P689,110146226NOSTALGIA ROSE,W_ S:2 M:4 L:4 XL:4 XXL:2 3XL:2,0,,,,,,2024,6,21,
P689,110146006STAR WHITE,W_ S:2 M:4 L:4 XL:4 XXL:2 3XL:2,0,,,,,,2024,6,21,
P689,110148223SURF THE WEB,W_ S:2 M:4 L:4 XL:4 XXL:2 3XL:2,0,,,,,,2024,6,21,
P689,110146110CYPRESS,W_ S:2 M:4 L:4 XL:4 XXL:2 3XL:2,0,,,,,,2024,6,21,
P689,110148225DRIED HERB,W_ S:2 M:4 L:4 XL:4 XXL:2 3XL:2,0,,,,,,2024,6,21,
P689,110148222MOONLESS NIGHT,W_ S:2 M:4 L:4 XL:4 XXL:2 3XL:2,0,,,,,,2024,6,21,
P689,110146111MOONLESS NIGHT,W_ S:2 M:4 L:4 XL:4 XXL:2 3XL:2,0,,,,,,2024,6,21,
P689,110148225REFLECTING POND,W_ S:2 M:4 L:4 XL:4 XXL:2 3XL:2,0,,,,,,2024,6,21,
P689,110146110DUSTY ROSE,W_ S:2 M:4 L:4 XL:4 XXL:2 3XL:2,0,,,,,,2024,6,21,
P689,110148225ANTIQUE WHITE,W_ S:2 M:4 L:4 XL:4 XXL:2 3XL:2,0,,,,,,2024,6,21,
P689,110146108ROSE DUST,W_ S:2 M:4 L:4 XL:4 XXL:2 3XL:2,0,,,,,,2024,6,21,
P689,110148222JET BLACK,W_ S:2 M:4 L:4 XL:4 XXL:2 3XL:2,0,,,,,,2024,6,21,
P689,110146073STAR WHITE,W_ S:2 M:4 L:4 XL:4 XXL:2 3XL:2,0,,,,,,2024,6,21,
P689,110146108ETRUSCAN RED,W_ S:2 M:4 L:4 XL:4 XXL:2 3XL:2,0,,,,,,2024,6,21,
P689,110148225OFF WHITE,W_ S:2 M:4 L:4 XL:4 XXL:2 3XL:2,0,,,,,,2024,6,21,
P689,110146073PURPLE DUSK,W_ S:2 M:4 L:4 XL:4 XXL:2 3XL:2,0,,,,,,2024,6,21,
P689,110146110MOONLESS NIGHT,W_ S:2 M:4 L:4 XL:4 XXL:2 3XL:2,0,,,,,,2024,6,21,
P689,110148222NOSTALGIA ROSE,W_ S:2 M:4 L:4 XL:4 XXL:2 3XL:2,0,,,,,,2024,6,21,
P689,110149928JET BLACK,W_ S:2 M:4 L:4 XL:4 XXL:2 3XL:2,0,,,,,,2024,6,21,
P689,110148222REFLECTING POND,W_ S:2 M:4 L:4 XL:4 XXL:2 3XL:2,0,,,,,,2024,6,21,
P689,110146006MOONLESS NIGHT,W_ S:2 M:4 L:4 XL:4 XXL:2 3XL:2,0,,,,,,2024,6,21,
P689,110146112CYPRESS,W_ S:2 M:4 L:4 XL:4 XXL:2 3XL:2,0,,,,,,2024,6,21,
P689,110148223ASH ROSE,W_ S:2 M:4 L:4 XL:4 XXL:2 3XL:2,0,,,,,,2024,6,21,
P689,110146226DEW,W_ S:2 M:4 L:4 XL:4 XXL:2 3XL:2,0,,,,,,2024,6,21,
P689,110148222ALMOND PEACH,W_ S:2 M:4 L:4 XL:4 XXL:2 3XL:2,0,,,,,,2024,6,21,
P689,110146006SEEDPEARL,W_ S:2 M:4 L:4 XL:4 XXL:2 3XL:2,0,,,,,,2024,6,21,
P689,110146006JET BLACK,W_ S:2 M:4 L:4 XL:4 XXL:2 3XL:2,0,,,,,,2024,6,21,
P689,110146109CYPRESS,W_ S:2 M:4 L:4 XL:4 XXL:2 3XL:2,0,,,,,,2024,6,21,
P689,110146226DELLA ROBBIA BLUE,W_ S:2 M:4 L:4 XL:4 XXL:2 3XL:2,0,,,,,,2024,6,21,
P689,110146109DUSTY ROSE,W_ S:2 M:4 L:4 XL:4 XXL:2 3XL:2,0,,,,,,2024,6,21,
P689,110148223BRIGHT WHITE,W_ S:2 M:4 L:4 XL:4 XXL:2 3XL:2,0,,,,,,2024,6,21,
P689,110148224LENTIL SPROUT,W_ S:2 M:3 L:3 XL:3 XXL:2 3XL:2,0,,,,,,2024,6,21,
P689,110148224ORANGE BROWN,W_ S:2 M:3 L:3 XL:3 XXL:2 3XL:2,0,,,,,,2024,6,21,
P689,110146966JESTER RED,W_ S:2 M:2 L:2 XL:2 XXL:1,0,,,,,,2024,6,21,
P689,110147967DARK PURPLE,W_ S:2 M:2 L:2 XL:2 XXL:1,0,,,,,,2024,6,21,
P689,110149897STAR WHITE,W_ S:2 M:2 L:2 XL:2 XXL:1,0,,,,,,2024,6,21,
P689,110149898JET BLACK,W_ S:2 M:2 L:2 XL:2 XXL:1,0,,,,,,2024,6,21,
P689,110150451PALE BANANA,W_ S:2 M:2 L:2 XL:2 XXL:1,0,,,,,,2024,6,21,
P689,110150483DEW,W_ S:2 M:2 L:2 XL:2 XXL:1,0,,,,,,2024,6,21,
P689,110145703ZEPHYR,W_ S:2 M:2 L:2 XL:2 XXL:1,0,,,,,,2024,6,21,
P689,110146027JET BLACK,W_ S:2 M:2 L:2 XL:2 XXL:1,0,,,,,,2024,6,21,
P689,110147506JET BLACK,W_ S:2 M:2 L:2 XL:2 XXL:1,0,,,,,,2024,6,21,
P689,110148427BRIGHT WHITE,W_ S:2 M:2 L:2 XL:2 XXL:1,0,,,,,,2024,6,21,
P689,110149900STAR WHITE,W_ S:2 M:2 L:2 XL:2 XXL:1,0,,,,,,2024,6,21,
P689,110151139ZEPHYR,W_ S:2 M:2 L:2 XL:2 XXL:1,0,,,,,,2024,6,21,
P689,110151165BLUE HORIZON,W_ S:2 M:2 L:2 XL:2 XXL:1,0,,,,,,2024,6,21,
P689,110148042GRAY LILAC,W_ S:2 M:2 L:2 XL:2 XXL:1,0,,,,,,2024,6,21,
P689,110149145PASTEL LAVENDER,W_ S:2 M:2 L:2 XL:2 XXL:1,0,,,,,,2024,6,21,
P689,110149899JET BLACK,W_ S:2 M:2 L:2 XL:2 XXL:1,0,,,,,,2024,6,21,
P689,110150486PINK LAVENDER,W_ S:2 M:2 L:2 XL:2 XXL:1,0,,,,,,2024,6,21,
P689,110146030DEW,W_ S:2 M:2 L:2 XL:2 XXL:1,0,,,,,,2024,6,21,
P689,110146032JET BLACK,W_ S:2 M:2 L:2 XL:2 XXL:1,0,,,,,,2024,6,21,
P689,110147513LIGHT CLEAR BLUE,W_ S:2 M:2 L:2 XL:2 XXL:1,0,,,,,,2024,6,21,
P689,110148217SEA PINK,W_ S:2 M:2 L:2 XL:2 XXL:1,0,,,,,,2024,6,21,
P689,110149134JET BLACK,W_ S:2 M:2 L:2 XL:2 XXL:1,0,,,,,,2024,6,21,
P689,110150488PINK LAVENDER,W_ S:2 M:2 L:2 XL:2 XXL:1,0,,,,,,2024,6,21,
P689,110150616PINK LAVENDER,W_ S:2 M:2 L:2 XL:2 XXL:1,0,,,,,,2024,6,21,
P689,110146027ZEPHYR,W_ S:2 M:2 L:2 XL:2 XXL:1,0,,,,,,2024,6,21,
P689,110147508LEGION BLUE,W_ S:2 M:2 L:2 XL:2 XXL:1,0,,,,,,2024,6,21,
P689,110148043GRAY LILAC,W_ S:2 M:2 L:2 XL:2 XXL:1,0,,,,,,2024,6,21,
P689,110148428JET BLACK,W_ S:2 M:2 L:2 XL:2 XXL:1,0,,,,,,2024,6,21,
P689,110148530JET BLACK,W_ S:2 M:2 L:2 XL:2 XXL:1,0,,,,,,2024,6,21,
P689,110149154LIMOGES,W_ S:2 M:2 L:2 XL:2 XXL:1,0,,,,,,2024,6,21,
P689,110149155OPEN AIR,W_ S:2 M:2 L:2 XL:2 XXL:1,0,,,,,,2024,6,21,
P689,110149262BRIGHT WHITE,W_ S:2 M:2 L:2 XL:2 XXL:1,0,,,,,,2024,6,21,
P689,110149898PINK FROSTING,W_ S:2 M:2 L:2 XL:2 XXL:1,0,,,,,,2024,6,21,
P689,110151142CEDAR WOOD,W_ S:2 M:2 L:2 XL:2 XXL:1,0,,,,,,2024,6,21,
P689,110145701DEW,W_ S:2 M:2 L:2 XL:2 XXL:1,0,,,,,,2024,6,21,
P689,110145701MUSHROOM,W_ S:2 M:2 L:2 XL:2 XXL:1,0,,,,,,2024,6,21,
P689,110146029LAUREL GREEN,W_ S:2 M:2 L:2 XL:2 XXL:1,0,,,,,,2024,6,21,
P689,110146031JET BLACK,W_ S:2 M:2 L:2 XL:2 XXL:1,0,,,,,,2024,6,21,
P689,110147507LAVANDULA,W_ S:2 M:2 L:2 XL:2 XXL:1,0,,,,,,2024,6,21,
P689,110147512LAVANDULA,W_ S:2 M:2 L:2 XL:2 XXL:1,0,,,,,,2024,6,21,
P689,110148991BLACK IRIS,W_ S:2 M:2 L:2 XL:2 XXL:1,0,,,,,,2024,6,21,
P689,110149134ZEPHYR,W_ S:2 M:2 L:2 XL:2 XXL:1,0,,,,,,2024,6,21,
P689,110150484DEW,W_ S:2 M:2 L:2 XL:2 XXL:1,0,,,,,,2024,6,21,
P689,110150487DEW,W_ S:2 M:2 L:2 XL:2 XXL:1,0,,,,,,2024,6,21,
P689,110151098JET BLACK,W_ S:2 M:2 L:2 XL:2 XXL:1,0,,,,,,2024,6,21,
P689,110146028FOXGLOVE,W_ S:2 M:2 L:2 XL:2 XXL:1,0,,,,,,2024,6,21,
P689,110146031DEW,W_ S:2 M:2 L:2 XL:2 XXL:1,0,,,,,,2024,6,21,
P689,110146102FOREST SHADE,W_ S:2 M:2 L:2 XL:2 XXL:1,0,,,,,,2024,6,21,
P689,110146965WHISPER WHITE,W_ S:2 M:2 L:2 XL:2 XXL:1,0,,,,,,2024,6,21,
P689,110148218BLACK IRIS,W_ S:2 M:2 L:2 XL:2 XXL:1,0,,,,,,2024,6,21,
P689,110148427STAR WHITE,W_ S:2 M:2 L:2 XL:2 XXL:1,0,,,,,,2024,6,21,
P689,110148428STAR WHITE,W_ S:2 M:2 L:2 XL:2 XXL:1,0,,,,,,2024,6,21,
P689,110148429STAR WHITE,W_ S:2 M:2 L:2 XL:2 XXL:1,0,,,,,,2024,6,21,
P689,110148992SEA PINK,W_ S:2 M:2 L:2 XL:2 XXL:1,0,,,,,,2024,6,21,
P689,110149149SNOW WHITE,W_ S:2 M:2 L:2 XL:2 XXL:1,0,,,,,,2024,6,21,
P689,110150180BONNIE BLUE,W_ S:2 M:2 L:2 XL:2 XXL:1,0,,,,,,2024,6,21,
P689,110150485SKY BLUE,W_ S:2 M:2 L:2 XL:2 XXL:1,0,,,,,,2024,6,21,
P689,110150615SKY BLUE,W_ S:2 M:2 L:2 XL:2 XXL:1,0,,,,,,2024,6,21,
P689,110150617MELLOW YELLOW,W_ S:2 M:2 L:2 XL:2 XXL:1,0,,,,,,2024,6,21,
P689,110145703JET BLACK,W_ S:2 M:2 L:2 XL:2 XXL:1,0,,,,,,2024,6,21,
P689,110145874PAPYRUS,W_ S:2 M:2 L:2 XL:2 XXL:1,0,,,,,,2024,6,21,
P689,110146029FOREST SHADE,W_ S:2 M:2 L:2 XL:2 XXL:1,0,,,,,,2024,6,21,
P689,110146032MUSHROOM,W_ S:2 M:2 L:2 XL:2 XXL:1,0,,,,,,2024,6,21,
P689,110146102DEW,W_ S:2 M:2 L:2 XL:2 XXL:1,0,,,,,,2024,6,21,
P689,110147511JET BLACK,W_ S:2 M:2 L:2 XL:2 XXL:1,0,,,,,,2024,6,21,
P689,110147966GRAY LILAC,W_ S:2 M:2 L:2 XL:2 XXL:1,0,,,,,,2024,6,21,
P689,110147968DARK PURPLE,W_ S:2 M:2 L:2 XL:2 XXL:1,0,,,,,,2024,6,21,
P689,110150449PALE BANANA,W_ S:2 M:2 L:2 XL:2 XXL:1,0,,,,,,2024,6,21,
P689,110150616DEW,W_ S:2 M:2 L:2 XL:2 XXL:1,0,,,,,,2024,6,21,
P689,110150617SKY BLUE,W_ S:2 M:2 L:2 XL:2 XXL:1,0,,,,,,2024,6,21,
P689,110146364LUPINE,W_ S:1 M:2 L:2 XL:2 XXL:1,0,,,,,,2024,6,21,
P689,110146363ICEBERG GREEN,W_ 28:2 30:2 32:2 34:2 36:2,0,,,,,,2024,6,21,
P689,110149067LUPINE,W_ 28:2 30:2 32:2 34:2 36:2,0,,,,,,2024,6,21,
P689,110145961JET BLACK,W_ 28:2 30:2 32:2 34:2 36:1 38:0,0,,,,,,2024,6,21,
P689,110148857ROSEBUD,W_ 28:2 30:2 32:2 34:2 36:1 38:0,0,,,,,,2024,6,21,
P689,110149137MARSHMALLOW,W_ 28:2 30:2 32:2 34:2 36:1 38:0,0,,,,,,2024,6,21,
P689,110148857ANTHRACITE,W_ 28:2 30:2 32:2 34:2 36:1 38:0,0,,,,,,2024,6,21,
P689,110145873PAPYRUS,W_ 28:2 30:2 32:2 34:2 36:1,0,,,,,,2024,6,21,
P689,110146024JET BLACK,W_ 28:2 30:2 32:2 34:2 36:1,0,,,,,,2024,6,21,
P689,110146957STRAWBERRY ICE,W_ 28:2 30:2 32:2 34:2 36:1,0,,,,,,2024,6,21,
P689,110145713MUSHROOM,W_ 28:2 30:2 32:2 34:2 36:1,0,,,,,,2024,6,21,
P689,110145714DEW,W_ 28:2 30:2 32:2 34:2 36:1,0,,,,,,2024,6,21,
P689,110145872GREEN EYES,W_ 28:2 30:2 32:2 34:2 36:1,0,,,,,,2024,6,21,
P689,110145870DUTCH CANAL,W_ 28:2 30:2 32:2 34:2 36:1,0,,,,,,2024,6,21,
P689,110145823LAUREL GREEN,W_ 28:2 30:2 32:2 34:2 36:1,0,,,,,,2024,6,21,
P689,110145869JET BLACK,W_ 28:2 30:2 32:2 34:2 36:1,0,,,,,,2024,6,21,
P689,110146958JESTER RED,W_ 28:2 30:2 32:2 34:2 36:1,0,,,,,,2024,6,21,
P689,110150533PRISM PINK,W_ 28:2 30:2 32:2 34:2 36:1,0,,,,,,2024,6,21,
P689,110150533JET BLACK,W_ 28:2 30:2 32:2 34:2 36:1,0,,,,,,2024,6,21,
P689,110145871PINK LAVENDER,W_ 28:2 30:2 32:2 34:2 36:1,0,,,,,,2024,6,21,
P689,110146200JET BLACK,W_ 28:2 30:2 32:2 34:2 36:1,0,,,,,,2024,6,21,
P689,110146955JESTER RED,W_ 28:2 30:2 32:2 34:2 36:1,0,,,,,,2024,6,21,
P689,110146211PAPYRUS,W_ 28:2 30:2 32:2 34:2 36:1,0,,,,,,2024,6,21,
P689,110146290ZEPHYR,W_ 28:2 30:2 32:2 34:2 36:1,0,,,,,,2024,6,21,
P689,110146463WHISPER WHITE,W_ 28:2 30:2 32:2 34:2 36:1,0,,,,,,2024,6,21,
P689,110145869PINK LAVENDER,W_ 28:2 30:2 32:2 34:2 36:1,0,,,,,,2024,6,21,
P689,110145873RUMBA RED,W_ 28:2 30:2 32:2 34:2 36:1,0,,,,,,2024,6,21,
P689,110146293WHISPER WHITE,W_ 28:2 30:2 32:2 34:2 36:1,0,,,,,,2024,6,21,
P689,110146956JESTER RED,W_ 28:2 30:2 32:2 34:2 36:1,0,,,,,,2024,6,21,
P689,110147501AQUA SKY,W_ 28:2 30:2 32:2 34:1 36:1,0,,,,,,2024,6,21,
P689,110147501PARFAIT PINK,W_ 28:2 30:2 32:2 34:1 36:1,0,,,,,,2024,6,21,
P689,110149147BONNIE BLUE,W_ 28:2 30:2 32:2 34:1 36:1,0,,,,,,2024,6,21,
P689,110149148PASTEL LAVENDER,W_ 28:2 30:2 32:2 34:1 36:1,0,,,,,,2024,6,21,
P689,110150177BLUE HORIZON,W_ 28:2 30:2 32:2 34:1 36:1,0,,,,,,2024,6,21,
P689,110150177SHALE,W_ 28:2 30:2 32:2 34:1 36:1,0,,,,,,2024,6,21,
P689,110150179BONNIE BLUE,W_ 28:2 30:2 32:2 34:1 36:1,0,,,,,,2024,6,21,
P689,110150447WINTER WHITE,W_ 28:2 30:2 32:2 34:1 36:1,0,,,,,,2024,6,21,
P689,110150448BRIGHT WHITE,W_ 28:2 30:2 32:2 34:1 36:1,0,,,,,,2024,6,21,
P689,110147501STAR SAPPHIRE,W_ 28:2 30:2 32:2 34:1 36:1,0,,,,,,2024,6,21,
P689,110148004DARK PURPLE,W_ 28:2 30:2 32:2 34:1 36:1,0,,,,,,2024,6,21,
P689,110150178SHALE,W_ 28:2 30:2 32:2 34:1 36:1,0,,,,,,2024,6,21,
P689,110150481PINK LAVENDER,W_ 28:2 30:2 32:2 34:1 36:1,0,,,,,,2024,6,21,
P689,110150534VEILED ROSE,W_ 28:2 30:2 32:2 34:1 36:1,0,,,,,,2024,6,21,
P689,110151097ZEPHYR,W_ 28:2 30:2 32:2 34:1 36:1,0,,,,,,2024,6,21,
P689,110145964BAROQUE ROSE,W_ 28:2 30:2 32:2 34:1 36:1,0,,,,,,2024,6,21,
P689,110146442JET BLACK,W_ 28:2 30:2 32:2 34:1 36:1,0,,,,,,2024,6,21,
P689,110146442RABBIT,W_ 28:2 30:2 32:2 34:1 36:1,0,,,,,,2024,6,21,
P689,110147573LAVANDULA,W_ 28:2 30:2 32:2 34:1 36:1,0,,,,,,2024,6,21,
P689,110147733LEGION BLUE,W_ 28:2 30:2 32:2 34:1 36:1,0,,,,,,2024,6,21,
P689,110147746DARK PURPLE,W_ 28:2 30:2 32:2 34:1 36:1,0,,,,,,2024,6,21,
P689,110148216AFTERGLOW,W_ 28:2 30:2 32:2 34:1 36:1,0,,,,,,2024,6,21,
P689,110149261LIMOGES,W_ 28:2 30:2 32:2 34:1 36:1,0,,,,,,2024,6,21,
P689,110150535BLUE HORIZON,W_ 28:2 30:2 32:2 34:1 36:1,0,,,,,,2024,6,21,
P689,110151061JET BLACK,W_ 28:2 30:2 32:2 34:1 36:1,0,,,,,,2024,6,21,
P689,110151141CANDY PINK,W_ 28:2 30:2 32:2 34:1 36:1,0,,,,,,2024,6,21,
P689,110147572BRIGHT WHITE,W_ 28:2 30:2 32:2 34:1 36:1,0,,,,,,2024,6,21,
P689,110147743MAUVE SHADOWS,W_ 28:2 30:2 32:2 34:1 36:1,0,,,,,,2024,6,21,
P689,110147747JET BLACK,W_ 28:2 30:2 32:2 34:1 36:1,0,,,,,,2024,6,21,
P689,110148045JET BLACK,W_ 28:2 30:2 32:2 34:1 36:1,0,,,,,,2024,6,21,
P689,110148263STAR SAPPHIRE,W_ 28:2 30:2 32:2 34:1 36:1,0,,,,,,2024,6,21,
P689,110150490VEILED ROSE,W_ 28:2 30:2 32:2 34:1 36:1,0,,,,,,2024,6,21,
P689,110150534MISTLETOE,W_ 28:2 30:2 32:2 34:1 36:1,0,,,,,,2024,6,21,
P689,110151062JET BLACK,W_ 28:2 30:2 32:2 34:1 36:1,0,,,,,,2024,6,21,
P689,110146134ANTHRACITE,W_ 28:2 30:2 32:2 34:1 36:1,0,,,,,,2024,6,21,
P689,110147744GRAY LILAC,W_ 28:2 30:2 32:2 34:1 36:1,0,,,,,,2024,6,21,
P689,110149260OPEN AIR,W_ 28:2 30:2 32:2 34:1 36:1,0,,,,,,2024,6,21,
P689,110149896STAR WHITE,W_ 28:2 30:2 32:2 34:1 36:1,0,,,,,,2024,6,21,
P689,110150480DEW,W_ 28:2 30:2 32:2 34:1 36:1,0,,,,,,2024,6,21,
P689,110150532PRISM PINK,W_ 28:2 30:2 32:2 34:1 36:1,0,,,,,,2024,6,21,
P689,110150708BLUE HORIZON,W_ 28:2 30:2 32:2 34:1 36:1,0,,,,,,2024,6,21,
P689,110151034BLUE HORIZON,W_ 28:2 30:2 32:2 34:1 36:1,0,,,,,,2024,6,21,
P689,110146443JET BLACK,W_ 28:2 30:2 32:2 34:1 36:1,0,,,,,,2024,6,21,
P689,110147573JET BLACK,W_ 28:2 30:2 32:2 34:1 36:1,0,,,,,,2024,6,21,
P689,110147745GRAY LILAC,W_ 28:2 30:2 32:2 34:1 36:1,0,,,,,,2024,6,21,
P689,110148215BLACK IRIS,W_ 28:2 30:2 32:2 34:1 36:1,0,,,,,,2024,6,21,
P689,110149146BONNIE BLUE,W_ 28:2 30:2 32:2 34:1 36:1,0,,,,,,2024,6,21,
P689,110149146PASTEL LAVENDER,W_ 28:2 30:2 32:2 34:1 36:1,0,,,,,,2024,6,21,
P689,110149275JET BLACK,W_ 28:2 30:2 32:2 34:1 36:1,0,,,,,,2024,6,21,
P689,110149925PIRATE BLACK,W_ 28:2 30:2 32:2 34:1 36:1,0,,,,,,2024,6,21,
P689,110150532JET BLACK,W_ 28:2 30:2 32:2 34:1 36:1,0,,,,,,2024,6,21,
P689,110150532ORCHID BLOOM,W_ 28:2 30:2 32:2 34:1 36:1,0,,,,,,2024,6,21,
P689,110150536MISTLETOE,W_ 28:2 30:2 32:2 34:1 36:1,0,,,,,,2024,6,21,
P689,110150536VEILED ROSE,W_ 28:2 30:2 32:2 34:1 36:1,0,,,,,,2024,6,21,
P689,110150708SHALE,W_ 28:2 30:2 32:2 34:1 36:1,0,,,,,,2024,6,21,
P689,110151141CEDAR WOOD,W_ 28:2 30:2 32:2 34:1 36:1,0,,,,,,2024,6,21,
P689,110147572LIGHT CLEAR BLUE,W_ 28:2 30:2 32:2 34:1 36:1,0,,,,,,2024,6,21,
P689,110148527JET BLACK,W_ 28:2 30:2 32:2 34:1 36:1,0,,,,,,2024,6,21,
P689,110150038JET BLACK,W_ 28:2 30:2 32:2 34:1 36:1,0,,,,,,2024,6,21,
P689,110150531MISTLETOE,W_ 28:2 30:2 32:2 34:1 36:1,0,,,,,,2024,6,21,
P689,110151034CANDY PINK,W_ 28:2 30:2 32:2 34:1 36:1,0,,,,,,2024,6,21,
P689,110151224JET BLACK,W_ 28:2 30:2 32:2 34:1 36:1,0,,,,,,2024,6,21,
P689,110146025DARK PURPLE,W_ 28:2 30:2 32:2 34:1 36:1,0,,,,,,2024,6,21,
P689,110146025RABBIT,W_ 28:2 30:2 32:2 34:1 36:1,0,,,,,,2024,6,21,
P689,110146025PIRATE BLACK,W_ 28:2 30:2 32:2 34:1 36:1,0,,,,,,2024,6,21,
P689,110149924ROEBUCK,W_ 28:2 30:2 32:2 34:1 36:1,0,,,,,,2024,6,21,
P689,110146025JET BLACK,W_ 28:2 30:2 32:2 34:1 36:1,0,,,,,,2024,6,21,
P689,110146026BROWN STONE,W_ 28:2 30:2 32:2 34:1 36:1,0,,,,,,2024,6,21,
P689,110146026FOXGLOVE,W_ 28:2 30:2 32:2 34:1 36:1,0,,,,,,2024,6,21,
P689,110149924JET BLACK,W_ 28:2 30:2 32:2 34:1 36:1,0,,,,,,2024,6,21,
P689,110146025DEW,W_ 28:2 30:2 32:2 34:1 36:1,0,,,,,,2024,6,21,
P689,110146025DAWN PINK,W_ 28:2 30:2 32:2 34:1 36:1,0,,,,,,2024,6,21,
P689,110146026JET BLACK,W_ 28:2 30:2 32:2 34:1 36:1,0,,,,,,2024,6,21,
P689,110148383JET BLACK,W_ 28:2 30:2 32:2 34:1 36:1,0,,,,,,2024,6,21,
P689,110148383PURPLE DUSK,W_ 28:2 30:2 32:2 34:1 36:1,0,,,,,,2024,6,21,
P689,110146025BROWN STONE,W_ 28:2 30:2 32:2 34:1 36:1,0,,,,,,2024,6,21,
P689,110148855BLACK IRIS,W_ 28:1 30:2 32:2 34:2 36:1 38:1,0,,,,,,2024,6,21,
P689,110150102PHANTOM,W_ 28:1 30:2 32:2 34:2 36:1 38:1,0,,,,,,2024,6,21,
P689,110146360ICEBERG GREEN,W_ 28:1 30:2 32:2 34:2 36:1 38:1,0,,,,,,2024,6,21,
P689,110146359FLAMINGO PLUME,W_ 28:1 30:2 32:2 34:2 36:1 38:1,0,,,,,,2024,6,21,
P689,110146359MARITIME BLUE,W_ 28:1 30:2 32:2 34:2 36:1 38:1,0,,,,,,2024,6,21,
P689,110146359ICEBERG GREEN,W_ 28:1 30:2 32:2 34:2 36:1 38:1,0,,,,,,2024,6,21,
P689,110146358ICEBERG GREEN,W_ 28:1 30:2 32:2 34:2 36:1 38:1,0,,,,,,2024,6,21,
P689,110150489JET BLACK,W_ 28:1 30:2 32:2 34:2 36:1 38:1,0,,,,,,2024,6,21,
P689,110146359GLACIER GRAY,W_ 28:1 30:2 32:2 34:2 36:1 38:1,0,,,,,,2024,6,21,
P689,110151026JET BLACK,W_ 28:1 30:2 32:2 34:2 36:1 38:1,0,,,,,,2024,6,21,
P689,110146205JET BLACK,W_ 28:1 30:2 32:2 34:2 36:1 38:1,0,,,,,,2024,6,21,
P689,110146359LUPINE,W_ 28:1 30:2 32:2 34:2 36:1 38:1,0,,,,,,2024,6,21,
P689,110150489WARM TAUPE,W_ 28:1 30:2 32:2 34:2 36:1 38:1,0,,,,,,2024,6,21,
P689,110150642NIGHT SKY,W_ 28:1 30:2 32:2 34:2 36:1 38:1,0,,,,,,2024,6,21,
P689,110146489JET BLACK,W_ 28:1 30:2 32:2 34:2 36:1 38:1,0,,,,,,2024,6,21,
P689,110146359GRAPE WINE,W_ 28:1 30:2 32:2 34:2 36:1 38:1,0,,,,,,2024,6,21,
P689,110150489PUCE,W_ 28:1 30:2 32:2 34:2 36:1 38:1,0,,,,,,2024,6,21,
P689,110147075ASPHALT,W_ 28:1 30:2 32:2 34:2 36:1 38:1,0,,,,,,2024,6,21,
P689,110146358GRAPE WINE,W_ 28:1 30:2 32:2 34:2 36:1 38:1,0,,,,,,2024,6,21,
P689,110150489IVY GREEN,W_ 28:1 30:2 32:2 34:2 36:1 38:1,0,,,,,,2024,6,21,
P689,110146358LUPINE,W_ 28:1 30:2 32:2 34:2 36:1 38:1,0,,,,,,2024,6,21,
P689,110145962JET BLACK,W_ 28:1 30:2 32:2 34:2 36:1 38:0,0,,,,,,2024,6,21,
P689,110146363GRAPE WINE,W_ 28:1 30:2 32:2 34:2 36:1,0,,,,,,2024,6,21,
P689,110146357JET BLACK,W_ 28:1 30:2 32:2 34:2 36:1,0,,,,,,2024,6,21,
P689,110146357BAROQUE ROSE,W_ 28:1 30:2 32:2 34:2 36:1,0,,,,,,2024,6,21,
P689,110146361STRAWBERRY ICE,W_ 28:1 30:2 32:2 34:2 36:1,0,,,,,,2024,6,21,
P689,110146357BRIGHT WHITE,W_ 28:1 30:2 32:2 34:2 36:1,0,,,,,,2024,6,21,
P689,110146361JET BLACK,W_ 28:1 30:2 32:2 34:2 36:1,0,,,,,,2024,6,21,
P689,110146357DUTCH CANAL,W_ 28:1 30:2 32:2 34:2 36:1,0,,,,,,2024,6,21,
P689,110146361VALERIAN,W_ 28:1 30:2 32:2 34:2 36:1,0,,,,,,2024,6,21,
P689,110146357VALERIAN,W_ 28:1 30:2 32:2 34:2 36:1,0,,,,,,2024,6,21,
P689,110146361ANTHRACITE,W_ 28:1 30:2 32:2 34:2 36:1,0,,,,,,2024,6,21,
P689,110146357OIL GREEN,W_ 28:1 30:2 32:2 34:2 36:1,0,,,,,,2024,6,21,
P689,110146358OIL GREEN,W_ 28:1 30:1 32:2 34:2 36:2 38:1,0,,,,,,2024,6,21,
P689,110146356BRIGHT WHITE,W_ 28:1 30:1 32:2 34:2 36:2 38:1,0,,,,,,2024,6,21,
P689,110146356ECRU,W_ 28:1 30:1 32:2 34:2 36:2 38:1,0,,,,,,2024,6,21,
P689,110146359BRIGHT WHITE,W_ 28:1 30:1 32:2 34:2 36:2 38:1,0,,,,,,2024,6,21,
P689,110146356JET BLACK,W_ 28:1 30:1 32:2 34:2 36:2 38:1,0,,,,,,2024,6,21,
P689,110146356DUTCH CANAL,W_ 28:1 30:1 32:2 34:2 36:2 38:1,0,,,,,,2024,6,21,
P689,110146360BLUE HORIZON,W_ 28:1 30:1 32:2 34:2 36:2 38:1,0,,,,,,2024,6,21,
P689,110146360VALERIAN,W_ 28:1 30:1 32:2 34:2 36:2 38:1,0,,,,,,2024,6,21,
P689,110146360ANTHRACITE,W_ 28:1 30:1 32:2 34:2 36:2 38:1,0,,,,,,2024,6,21,
P689,110146358JET BLACK,W_ 28:1 30:1 32:2 34:2 36:2 38:1,0,,,,,,2024,6,21,
P689,110146360STRAWBERRY ICE,W_ 28:1 30:1 32:2 34:2 36:2 38:1,0,,,,,,2024,6,21,
P689,110146359BLUE HORIZON,W_ 28:1 30:1 32:2 34:2 36:2 38:1,0,,,,,,2024,6,21,
P689,110146359JET BLACK,W_ 28:1 30:1 32:2 34:2 36:2 38:1,0,,,,,,2024,6,21,
P689,110146356BAROQUE ROSE,W_ 28:1 30:1 32:2 34:2 36:2 38:1,0,,,,,,2024,6,21,
P689,110146360JET BLACK,W_ 28:1 30:1 32:2 34:2 36:2 38:1,0,,,,,,2024,6,21,
P689,110146356OIL GREEN,W_ 28:1 30:1 32:2 34:2 36:2 38:1,0,,,,,,2024,6,21,
P689,110146359ANTHRACITE,W_ 28:1 30:1 32:2 34:2 36:2 38:1,0,,,,,,2024,6,21,
P689,110146356VALERIAN,W_ 28:1 30:1 32:2 34:2 36:2 38:1,0,,,,,,2024,6,21,
P689,110146360GLACIER GRAY,W_ 28:1 30:1 32:2 34:2 36:2 38:1,0,,,,,,2024,6,21,
P689,110149926BRIGHT WHITE,W_ S:2 M:2 L:2 XL:2 XXL:1,0,,,,,,2024,6,21,
P689,110148126CASHMERE BLUE,W_XS:2 S:4 M:4 L:4 XL:2 XXL:2,0,,,,,,2024,6,21,
P689,110146489EBONY,W_ 28:1 30:3 32:3 34:3 36:1 38:1,0,,,,,,2024,6,21,
P689,110148128ITALIAN PLUM,W_XS:2 S:4 M:4 L:4 XL:2 XXL:2,0,,,,,,2024,6,21,
P689,110146489NIGHT SKY,W_ 28:1 30:3 32:3 34:3 36:1 38:1,0,,,,,,2024,6,21,
P689,110150642JET BLACK,W_ 28:1 30:2 32:2 34:2 36:1 38:1,0,,,,,,2024,6,21,
P689,110145986JET BLACK,W_XS:2 S:4 M:4 L:4 XL:2 XXL:2,0,,,,,,2024,6,21,
P689,110145986BARELY PINK,W_XS:2 S:4 M:4 L:4 XL:2 XXL:2,0,,,,,,2024,6,21,
P689,110146228JET BLACK,W_ 28:1 30:3 32:3 34:3 36:1 38:1,0,,,,,,2024,6,21,
P689,110146208BLUE GLOW,W_XS:2 S:4 M:4 L:4 XL:2 XXL:2,0,,,,,,2024,6,21,
P689,880015132BISTRO GREEN,W_26:1 28:3 30:3 32:3 34:1,0,,,,,,2024,6,21,
P689,110149119OLD ROSE,W_26:3 28:3 30:3 32:3 34:3,0,,,,,,2024,6,21,
P689,110149120INDIGO,W_26:2 28:2 30:2 32:2 34:1,0,,,,,,2024,6,21,
P689,110151039MEDIUM STONE,W_26:2 28:2 30:2 32:2 34:1,0,,,,,,2024,6,21,
P689,110148345ASPHALT,W_XS:2 S:2 M:2 L:2 XL:1,0,,,,,,2024,6,21,
P689,110149101DARK STONE,W_26:2 28:2 30:2 32:2 34:1,0,,,,,,2024,6,21,
P689,110146623OLD ROSE,W_XS:2 S:2 M:2 L:2 XL:1,0,,,,,,2024,6,21,
P689,110146623FOXGLOVE,W_XS:2 S:2 M:2 L:2 XL:1,0,,,,,,2024,6,21,
P689,110149122SAGE GRAY,W_XS:2 S:2 M:2 L:2 XL:1,0,,,,,,2024,6,21,
P689,110149103OLD ROSE,W_XS:1 S:2 M:2 L:2 XL:1,0,,,,,,2024,6,21,
P689,110150182BRIGHT BLUE,W_26:1 28:2 30:2 32:2 34:2 36:1,0,,,,,,2024,6,21,
P689,110151225MEDIUM STONE,W_XS:2 S:2 M:2 L:2 XL:1,0,,,,,,2024,6,21,
P689,110149102TINT INDIGO,W_26:2 28:2 30:2 32:2 34:1,0,,,,,,2024,6,21,
P689,110150184MEDIUM STONE,W_XS:2 S:2 M:2 L:2 XL:1,0,,,,,,2024,6,21,
P689,110149103SAGE GRAY,W_XS:2 S:2 M:2 L:2 XL:1,0,,,,,,2024,6,21,
P689,110149106OLD ROSE,W_XS:2 S:2 M:2 L:2 XL:1,0,,,,,,2024,6,21,
P689,110150183MEDIUM STONE,W_26:2 28:2 30:2 32:1 34:1,0,,,,,,2024,6,21,
P689,110150181BRIGHT WHITE,W_26:1 28:2 30:2 32:2 34:1 36:0,0,,,,,,2024,6,21,
P689,110151226MEDIUM STONE,W_XS:2 S:2 M:2 L:2 XL:1,0,,,,,,2024,6,21,
P689,110151040DARK STONE,W_26:2 28:2 30:2 32:1 34:1,0,,,,,,2024,6,21,
P689,110149123STAR WHITE,W_XS:2 S:2 M:2 L:2 XL:1,0,,,,,,2024,6,21,
P689,110150185DUTCH CANAL,W_XS:2 S:2 M:2 L:2 XL:1,0,,,,,,2024,6,21,
P689,110149104ANTIQUE WHITE,W_XS:2 S:2 M:2 L:2 XL:1,0,,,,,,2024,6,21,
P689,110150199JET BLACK,W_XS:2 S:2 M:2 L:2 XL:1,0,,,,,,2024,6,21,
P689,110149105SAGE GRAY,W_XS:2 S:2 M:2 L:2 XL:1,0,,,,,,2024,6,21,
P689,110149121ANTIQUE WHITE,W_XS:2 S:2 M:2 L:2 XL:1,0,,,,,,2024,6,21,
P689,110150200FOXGLOVE,W_XS:2 S:2 M:2 L:2 XL:1,0,,,,,,2024,6,21,
P689,110148127CEMENT,W_XS:1 S:2 M:2 L:2 XL:1 XXL:1,0,,,,,,2024,6,21,
P689,110148127MAUVE ORCHID,W_XS:1 S:2 M:2 L:2 XL:1 XXL:1,0,,,,,,2024,6,21,
